product_id,date,store_id,current_stock,daily_demand,lead_time_days,supplier_reliability_score,promotion_active,weather_impact,stockout_risk
P1000,01-01-2024,S7,213,114,5,72,No,Medium,No
P1001,02-01-2024,S20,152,87,7,84,No,High,Yes
P1002,03-01-2024,S15,209,62,10,61,No,Low,No
P1003,04-01-2024,S11,400,103,10,61,No,Low,No
P1004,05-01-2024,S8,60,114,9,75,No,Medium,No
P1005,06-01-2024,S7,267,108,13,68,No,Medium,No
P1006,07-01-2024,S19,261,60,7,87,No,Medium,No
P1007,08-01-2024,S11,217,32,5,72,No,Low,Yes
P1008,09-01-2024,S11,282,5,10,94,No,Medium,No
P1009,10-01-2024,S4,135,46,10,72,Yes,High,No
P1010,11-01-2024,S8,466,86,10,90,No,Low,Yes
P1011,12-01-2024,S3,379,52,6,80,No,Medium,No
P1012,13-01-2024,S2,361,44,11,91,No,High,Yes
P1013,14-01-2024,S12,448,101,12,93,Yes,High,No
P1014,15-01-2024,S6,440,67,3,67,No,Medium,Yes
P1015,16-01-2024,S2,92,80,5,61,No,High,No
P1016,17-01-2024,S1,108,76,8,97,No,Low,No
P1017,18-01-2024,S12,240,92,1,91,No,Low,No
P1018,19-01-2024,S12,354,84,12,99,No,High,No
P1019,20-01-2024,S17,423,118,1,87,No,Low,No
P1020,21-01-2024,S10,141,8,7,96,No,Medium,No
P1021,22-01-2024,S16,290,42,14,60,No,High,No
P1022,23-01-2024,S15,431,112,5,69,Yes,Low,No
P1023,24-01-2024,S15,236,31,14,63,Yes,Medium,Yes
P1024,25-01-2024,S19,339,13,5,94,No,Medium,No
P1025,26-01-2024,S12,311,115,1,69,No,Low,No
P1026,27-01-2024,S20,176,20,9,70,No,High,No
P1027,28-01-2024,S3,140,60,1,73,Yes,Medium,Yes
P1028,29-01-2024,S5,188,80,5,97,No,Medium,No
P1029,30-01-2024,S19,485,35,10,71,No,Medium,Yes
P1030,31-01-2024,S7,48,92,9,76,Yes,Medium,No
P1031,01-02-2024,S9,301,18,14,75,No,High,No
P1032,02-02-2024,S7,368,113,4,94,No,Low,No
P1033,03-02-2024,S18,189,29,13,61,No,Low,No
P1034,04-02-2024,S4,135,38,8,70,Yes,Low,No
P1035,05-02-2024,S14,42,71,6,62,No,Medium,Yes
P1036,06-02-2024,S18,403,28,11,88,Yes,High,Yes
P1037,07-02-2024,S9,379,110,3,77,Yes,Low,No
P1038,08-02-2024,S2,352,77,4,79,Yes,High,No
P1039,09-02-2024,S20,89,30,2,73,No,Low,No
P1040,10-02-2024,S15,294,24,1,93,Yes,Medium,No
P1041,11-02-2024,S7,340,68,13,90,No,Low,No
P1042,12-02-2024,S12,244,108,14,99,Yes,Medium,No
P1043,13-02-2024,S8,432,14,8,77,Yes,Medium,No
P1044,14-02-2024,S15,191,87,1,89,No,Low,No
P1045,15-02-2024,S3,317,71,14,84,Yes,High,No
P1046,16-02-2024,S14,105,28,13,78,No,Medium,No
P1047,17-02-2024,S17,362,9,11,67,Yes,High,No
P1048,18-02-2024,S4,309,71,1,87,Yes,Low,No
P1049,19-02-2024,S18,381,62,4,67,Yes,Medium,No
P1050,20-02-2024,S8,232,31,10,90,No,High,Yes
P1051,21-02-2024,S4,264,84,12,62,Yes,Medium,Yes
P1052,22-02-2024,S2,343,117,10,62,No,Low,No
P1053,23-02-2024,S6,36,19,6,81,No,Medium,No
P1054,24-02-2024,S10,304,39,9,76,No,Low,No
P1055,25-02-2024,S4,40,80,1,95,No,High,No
P1056,26-02-2024,S18,16,109,7,76,No,Medium,No
P1057,27-02-2024,S12,343,57,10,73,No,High,Yes
P1058,28-02-2024,S2,276,48,11,68,Yes,Low,Yes
P1059,29-02-2024,S10,306,30,5,89,Yes,Low,No
P1060,01-03-2024,S4,58,51,12,80,Yes,High,Yes
P1061,02-03-2024,S14,422,38,8,71,Yes,High,Yes
P1062,03-03-2024,S16,182,91,14,96,Yes,Low,No
P1063,04-03-2024,S15,40,99,7,91,No,High,Yes
P1064,05-03-2024,S8,38,54,4,70,No,Low,No
P1065,06-03-2024,S14,396,88,4,79,No,High,No
P1066,07-03-2024,S8,191,16,6,94,Yes,Low,No
P1067,08-03-2024,S16,266,91,6,70,Yes,Low,No
P1068,09-03-2024,S13,493,8,9,67,No,Medium,No
P1069,10-03-2024,S18,146,91,12,63,No,Low,Yes
P1070,11-03-2024,S15,394,52,5,86,No,Low,Yes
P1071,12-03-2024,S13,332,59,8,99,No,Medium,No
P1072,13-03-2024,S9,126,116,5,97,No,Medium,Yes
P1073,14-03-2024,S15,45,5,2,89,No,High,Yes
P1074,15-03-2024,S13,44,93,6,86,Yes,High,No
P1075,16-03-2024,S1,0,70,9,80,No,Low,No
P1076,17-03-2024,S7,167,34,13,79,No,High,No
P1077,18-03-2024,S9,107,7,3,63,Yes,High,Yes
P1078,19-03-2024,S1,18,25,1,70,No,Low,No
P1079,20-03-2024,S12,331,93,1,72,No,Medium,No
P1080,21-03-2024,S8,71,88,13,68,No,Medium,Yes
P1081,22-03-2024,S11,455,53,3,63,Yes,Low,Yes
P1082,23-03-2024,S19,444,90,10,71,No,Low,No
P1083,24-03-2024,S17,108,89,5,68,No,Low,No
P1084,25-03-2024,S8,267,66,3,72,No,Low,No
P1085,26-03-2024,S3,444,101,9,85,Yes,Low,Yes
P1086,27-03-2024,S3,239,42,8,97,No,Low,No
P1087,28-03-2024,S1,416,19,3,72,No,High,No
P1088,29-03-2024,S5,300,114,9,98,No,High,Yes
P1089,30-03-2024,S10,89,56,13,87,Yes,High,Yes
P1090,31-03-2024,S7,102,83,6,78,No,Medium,No
P1091,01-04-2024,S9,475,50,13,83,No,Low,No
P1092,02-04-2024,S7,249,29,7,78,Yes,Low,No
P1093,03-04-2024,S9,452,25,4,72,No,High,No
P1094,04-04-2024,S8,7,92,4,72,No,Medium,No
P1095,05-04-2024,S12,152,9,12,87,Yes,High,No
P1096,06-04-2024,S2,346,74,13,61,No,Low,No
P1097,07-04-2024,S1,173,117,2,69,Yes,Low,No
P1098,08-04-2024,S16,342,111,5,81,No,High,No
P1099,09-04-2024,S5,157,116,8,72,No,High,No
P1100,10-04-2024,S3,492,112,7,68,No,Low,Yes
P1101,11-04-2024,S12,430,51,7,92,No,High,No
P1102,12-04-2024,S8,214,91,6,73,Yes,Low,Yes
P1103,13-04-2024,S3,176,72,3,79,No,High,No
P1104,14-04-2024,S1,174,95,5,74,No,Medium,No
P1105,15-04-2024,S3,339,22,13,91,No,Low,No
P1106,16-04-2024,S5,337,25,1,92,No,Medium,No
P1107,17-04-2024,S15,145,96,7,76,No,High,No
P1108,18-04-2024,S14,449,103,9,83,Yes,Medium,Yes
P1109,19-04-2024,S3,323,90,1,89,Yes,High,Yes
P1110,20-04-2024,S1,477,108,13,72,Yes,Medium,No
P1111,21-04-2024,S5,160,27,2,75,No,Medium,No
P1112,22-04-2024,S14,126,68,3,61,Yes,Medium,No
P1113,23-04-2024,S7,419,71,3,76,Yes,Low,No
P1114,24-04-2024,S9,81,44,8,91,No,Medium,Yes
P1115,25-04-2024,S15,484,118,7,67,Yes,High,No
P1116,26-04-2024,S15,146,14,6,62,No,High,No
P1117,27-04-2024,S10,238,93,10,71,Yes,Low,No
P1118,28-04-2024,S13,411,56,10,79,Yes,Low,No
P1119,29-04-2024,S19,423,117,11,75,No,High,Yes
P1120,30-04-2024,S7,83,76,4,73,Yes,Medium,No
P1121,01-05-2024,S17,112,79,9,75,No,High,Yes
P1122,02-05-2024,S20,224,65,1,92,No,Low,Yes
P1123,03-05-2024,S4,331,68,11,89,Yes,Low,No
P1124,04-05-2024,S5,377,9,2,71,Yes,High,No
P1125,05-05-2024,S7,242,113,14,74,No,Medium,No
P1126,06-05-2024,S13,142,57,4,77,Yes,Medium,No
P1127,07-05-2024,S15,40,59,3,87,Yes,Low,No
P1128,08-05-2024,S11,422,41,1,82,No,High,No
P1129,09-05-2024,S4,257,60,5,73,No,High,Yes
P1130,10-05-2024,S13,446,63,7,89,No,Low,No
P1131,11-05-2024,S7,284,113,2,92,No,High,No
P1132,12-05-2024,S19,104,106,5,74,No,Low,No
P1133,13-05-2024,S2,201,97,6,66,Yes,Medium,Yes
P1134,14-05-2024,S10,449,73,11,74,No,Medium,Yes
P1135,15-05-2024,S13,306,77,7,97,No,High,No
P1136,16-05-2024,S6,330,63,1,70,No,Medium,No
P1137,17-05-2024,S12,460,116,7,88,No,Medium,No
P1138,18-05-2024,S12,265,6,4,90,Yes,Low,No
P1139,19-05-2024,S20,397,69,8,84,Yes,Low,No
P1140,20-05-2024,S11,209,108,13,83,No,High,No
P1141,21-05-2024,S7,50,64,4,78,No,Low,No
P1142,22-05-2024,S1,117,55,6,61,Yes,High,Yes
P1143,23-05-2024,S1,200,34,9,81,Yes,High,No
P1144,24-05-2024,S20,376,15,5,79,No,Low,No
P1145,25-05-2024,S13,38,96,14,92,No,Medium,Yes
P1146,26-05-2024,S9,27,112,12,67,No,Medium,Yes
P1147,27-05-2024,S3,258,80,4,84,No,Medium,Yes
P1148,28-05-2024,S7,83,43,8,68,Yes,Medium,No
P1149,29-05-2024,S6,453,94,13,93,Yes,High,No
P1150,30-05-2024,S8,154,81,9,82,No,Medium,No
P1151,31-05-2024,S9,116,76,4,64,No,High,No
P1152,01-06-2024,S5,1,67,3,84,Yes,Low,No
P1153,02-06-2024,S1,92,68,8,67,Yes,Low,Yes
P1154,03-06-2024,S19,165,65,14,75,No,High,Yes
P1155,04-06-2024,S10,386,58,5,74,No,Medium,No
P1156,05-06-2024,S12,399,96,2,60,No,High,No
P1157,06-06-2024,S15,349,98,10,81,Yes,Medium,No
P1158,07-06-2024,S9,295,77,9,62,No,Medium,No
P1159,08-06-2024,S20,257,107,3,97,No,High,No
P1160,09-06-2024,S17,80,99,12,73,No,High,No
P1161,10-06-2024,S17,424,62,2,95,No,Medium,Yes
P1162,11-06-2024,S20,267,89,1,77,No,High,No
P1163,12-06-2024,S12,418,60,14,77,No,Medium,Yes
P1164,13-06-2024,S7,234,115,8,62,No,High,No
P1165,14-06-2024,S2,320,38,11,69,No,Low,Yes
P1166,15-06-2024,S3,310,35,3,98,No,Medium,No
P1167,16-06-2024,S17,300,56,7,60,No,Low,No
P1168,17-06-2024,S5,462,93,1,86,No,High,No
P1169,18-06-2024,S17,473,80,1,86,No,Low,No
P1170,19-06-2024,S17,356,5,12,70,No,High,No
P1171,20-06-2024,S17,212,59,9,64,No,Medium,No
P1172,21-06-2024,S2,61,26,12,66,No,High,No
P1173,22-06-2024,S2,48,44,8,78,No,High,No
P1174,23-06-2024,S5,126,105,12,88,No,Medium,Yes
P1175,24-06-2024,S1,222,115,13,74,No,High,No
P1176,25-06-2024,S1,408,5,3,94,Yes,Medium,No
P1177,26-06-2024,S19,278,69,6,96,No,High,No
P1178,27-06-2024,S2,407,67,11,71,Yes,Medium,No
P1179,28-06-2024,S12,293,110,3,89,Yes,Low,Yes
P1180,29-06-2024,S6,283,58,13,79,No,High,No
P1181,30-06-2024,S4,276,46,12,96,Yes,High,No
P1182,01-07-2024,S11,437,25,4,62,Yes,High,Yes
P1183,02-07-2024,S17,106,83,1,68,Yes,Medium,No
P1184,03-07-2024,S6,145,85,5,98,Yes,High,No
P1185,04-07-2024,S5,419,26,1,85,No,Medium,Yes
P1186,05-07-2024,S20,98,42,13,61,No,High,Yes
P1187,06-07-2024,S2,428,103,1,82,No,Low,No
P1188,07-07-2024,S6,374,113,10,82,No,High,Yes
P1189,08-07-2024,S11,72,84,11,80,Yes,Low,No
P1190,09-07-2024,S16,436,12,11,75,Yes,Medium,No
P1191,10-07-2024,S16,485,66,14,68,No,Low,No
P1192,11-07-2024,S1,121,51,7,72,No,High,No
P1193,12-07-2024,S9,29,21,12,87,No,High,No
P1194,13-07-2024,S6,187,21,6,86,No,Medium,No
P1195,14-07-2024,S16,363,94,2,76,No,High,No
P1196,15-07-2024,S3,353,17,14,97,No,High,No
P1197,16-07-2024,S20,287,21,11,95,No,Medium,No
P1198,17-07-2024,S4,450,42,12,60,No,Medium,No
P1199,18-07-2024,S19,194,85,2,77,Yes,Low,Yes
P1200,19-07-2024,S3,155,116,11,68,No,Medium,No
P1201,20-07-2024,S19,171,82,7,72,No,High,No
P1202,21-07-2024,S20,334,49,1,99,No,Medium,No
P1203,22-07-2024,S7,40,10,13,74,No,High,Yes
P1204,23-07-2024,S20,62,39,2,63,Yes,Low,No
P1205,24-07-2024,S9,22,114,12,92,No,Medium,No
P1206,25-07-2024,S1,359,18,8,83,No,High,No
P1207,26-07-2024,S8,74,115,6,95,Yes,Medium,No
P1208,27-07-2024,S7,47,76,14,69,No,Medium,No
P1209,28-07-2024,S18,159,65,2,95,Yes,Medium,No
P1210,29-07-2024,S8,312,19,7,79,No,Medium,No
P1211,30-07-2024,S1,117,58,4,70,No,Low,Yes
P1212,31-07-2024,S11,99,31,2,71,No,High,No
P1213,01-08-2024,S18,379,17,12,77,Yes,Medium,Yes
P1214,02-08-2024,S10,416,117,6,89,No,High,No
P1215,03-08-2024,S3,407,35,11,96,No,Low,Yes
P1216,04-08-2024,S7,166,39,9,79,Yes,High,No
P1217,05-08-2024,S16,289,64,11,84,No,High,No
P1218,06-08-2024,S16,439,10,9,71,No,Low,No
P1219,07-08-2024,S20,155,73,14,80,Yes,Medium,No
P1220,08-08-2024,S17,420,90,8,84,No,High,No
P1221,09-08-2024,S2,6,62,3,70,No,High,Yes
P1222,10-08-2024,S1,195,53,3,68,No,Medium,No
P1223,11-08-2024,S16,420,27,2,84,No,Medium,No
P1224,12-08-2024,S12,55,93,5,94,Yes,High,Yes
P1225,13-08-2024,S5,320,38,14,91,No,Low,Yes
P1226,14-08-2024,S5,192,30,12,73,No,Medium,No
P1227,15-08-2024,S9,46,51,14,60,Yes,Medium,Yes
P1228,16-08-2024,S9,147,9,4,76,No,Low,No
P1229,17-08-2024,S3,274,94,7,84,No,High,Yes
P1230,18-08-2024,S19,156,24,4,67,No,Medium,No
P1231,19-08-2024,S16,201,10,9,64,Yes,High,Yes
P1232,20-08-2024,S16,443,74,12,64,No,High,No
P1233,21-08-2024,S3,401,63,12,94,Yes,High,No
P1234,22-08-2024,S20,475,68,2,78,No,Low,No
P1235,23-08-2024,S1,418,118,11,82,No,High,No
P1236,24-08-2024,S20,426,22,14,68,No,High,No
P1237,25-08-2024,S11,494,8,6,89,Yes,Medium,Yes
P1238,26-08-2024,S17,478,21,7,75,No,Medium,Yes
P1239,27-08-2024,S8,474,18,4,92,Yes,Low,Yes
P1240,28-08-2024,S4,125,82,13,61,Yes,Low,No
P1241,29-08-2024,S6,394,17,6,73,No,Medium,No
P1242,30-08-2024,S8,304,11,7,60,No,Medium,No
P1243,31-08-2024,S20,368,48,4,85,Yes,Low,No
P1244,01-09-2024,S3,293,19,8,84,Yes,High,No
P1245,02-09-2024,S16,63,23,9,75,No,Low,No
P1246,03-09-2024,S3,324,67,1,74,No,High,No
P1247,04-09-2024,S18,391,111,7,85,Yes,Medium,No
P1248,05-09-2024,S14,417,115,9,75,No,Medium,Yes
P1249,06-09-2024,S18,175,112,12,73,No,Medium,No
P1250,07-09-2024,S2,115,39,10,88,No,High,No
P1251,08-09-2024,S3,439,85,5,83,No,Low,No
P1252,09-09-2024,S16,203,39,12,74,Yes,High,No
P1253,10-09-2024,S9,485,23,2,78,No,Low,No
P1254,11-09-2024,S4,320,24,10,67,No,Low,No
P1255,12-09-2024,S1,30,104,6,93,No,Low,Yes
P1256,13-09-2024,S4,387,39,12,61,No,Medium,No
P1257,14-09-2024,S1,112,36,12,86,No,Low,No
P1258,15-09-2024,S14,364,52,7,69,Yes,Medium,No
P1259,16-09-2024,S16,433,48,2,94,Yes,Low,No
P1260,17-09-2024,S20,324,108,2,82,Yes,Low,Yes
P1261,18-09-2024,S8,413,28,10,67,No,Medium,No
P1262,19-09-2024,S7,375,65,14,87,No,Medium,No
P1263,20-09-2024,S3,343,21,12,82,No,High,No
P1264,21-09-2024,S17,442,75,10,63,Yes,Low,No
P1265,22-09-2024,S1,66,111,1,73,No,Medium,Yes
P1266,23-09-2024,S16,74,54,4,88,No,High,Yes
P1267,24-09-2024,S12,44,69,7,60,No,High,No
P1268,25-09-2024,S19,259,103,14,63,Yes,Medium,No
P1269,26-09-2024,S14,153,36,9,91,Yes,Low,No
P1270,27-09-2024,S6,154,40,3,92,No,High,No
P1271,28-09-2024,S6,429,17,12,85,No,Low,Yes
P1272,29-09-2024,S13,362,74,11,76,Yes,Low,Yes
P1273,30-09-2024,S19,447,62,7,98,No,High,No
P1274,01-10-2024,S8,474,18,7,82,Yes,Medium,No
P1275,02-10-2024,S2,233,41,7,91,No,Low,No
P1276,03-10-2024,S1,50,116,2,74,No,Medium,No
P1277,04-10-2024,S15,305,83,6,72,Yes,High,No
P1278,05-10-2024,S1,261,115,2,61,No,Low,Yes
P1279,06-10-2024,S5,314,72,6,78,No,Medium,No
P1280,07-10-2024,S16,124,44,13,83,Yes,Medium,Yes
P1281,08-10-2024,S19,398,63,10,83,No,Low,No
P1282,09-10-2024,S4,244,84,3,70,Yes,Medium,No
P1283,10-10-2024,S3,29,96,14,81,Yes,Medium,No
P1284,11-10-2024,S17,425,20,2,74,Yes,High,No
P1285,12-10-2024,S17,484,66,12,69,Yes,High,No
P1286,13-10-2024,S12,121,8,14,86,Yes,Medium,No
P1287,14-10-2024,S14,124,49,6,68,Yes,Medium,Yes
P1288,15-10-2024,S6,36,94,2,87,No,Low,Yes
P1289,16-10-2024,S3,169,32,5,60,Yes,High,No
P1290,17-10-2024,S9,123,100,2,76,No,Low,No
P1291,18-10-2024,S5,356,113,3,90,Yes,Medium,No
P1292,19-10-2024,S17,34,70,3,69,Yes,Low,Yes
P1293,20-10-2024,S14,86,35,6,96,Yes,Medium,No
P1294,21-10-2024,S3,133,7,6,88,No,High,Yes
P1295,22-10-2024,S1,195,12,10,77,No,High,No
P1296,23-10-2024,S20,273,28,3,97,No,Medium,No
P1297,24-10-2024,S1,200,19,3,98,Yes,High,No
P1298,25-10-2024,S3,368,47,13,65,No,Medium,No
P1299,26-10-2024,S18,284,35,12,99,Yes,Low,No
P1300,27-10-2024,S10,76,77,13,71,Yes,Medium,Yes
P1301,28-10-2024,S3,58,107,1,73,No,Low,No
P1302,29-10-2024,S8,430,49,7,69,No,Medium,Yes
P1303,30-10-2024,S14,125,70,13,79,No,High,No
P1304,31-10-2024,S18,499,12,8,74,Yes,Medium,No
P1305,01-11-2024,S15,400,75,2,90,No,Medium,No
P1306,02-11-2024,S2,108,112,4,66,No,Medium,No
P1307,03-11-2024,S10,223,119,10,69,No,High,Yes
P1308,04-11-2024,S2,495,107,7,69,Yes,Medium,No
P1309,05-11-2024,S17,277,110,8,98,Yes,High,No
P1310,06-11-2024,S8,67,61,1,87,No,Medium,No
P1311,07-11-2024,S1,68,84,4,89,No,Low,No
P1312,08-11-2024,S9,164,103,6,96,No,Medium,No
P1313,09-11-2024,S11,488,34,3,62,No,Low,No
P1314,10-11-2024,S16,304,78,5,74,Yes,High,No
P1315,11-11-2024,S7,396,106,10,80,No,High,Yes
P1316,12-11-2024,S10,161,22,9,96,No,Medium,No
P1317,13-11-2024,S3,364,118,11,71,Yes,High,No
P1318,14-11-2024,S18,341,73,13,63,Yes,Medium,No
P1319,15-11-2024,S13,308,97,3,68,No,High,No
P1320,16-11-2024,S7,378,43,5,98,No,Low,No
P1321,17-11-2024,S4,342,64,8,87,No,High,Yes
P1322,18-11-2024,S13,434,102,6,82,Yes,Low,Yes
P1323,19-11-2024,S20,386,47,4,99,No,Medium,Yes
P1324,20-11-2024,S1,41,49,8,81,Yes,Medium,No
P1325,21-11-2024,S8,353,27,11,83,No,Medium,No
P1326,22-11-2024,S14,415,73,3,85,No,Low,No
P1327,23-11-2024,S16,108,98,3,89,Yes,Medium,Yes
P1328,24-11-2024,S14,50,10,4,92,Yes,Medium,No
P1329,25-11-2024,S12,249,60,9,75,No,Low,No
P1330,26-11-2024,S19,496,114,5,81,No,High,No
P1331,27-11-2024,S15,340,112,8,77,Yes,Medium,No
P1332,28-11-2024,S2,429,8,6,66,No,High,No
P1333,29-11-2024,S2,382,97,3,85,No,High,No
P1334,30-11-2024,S19,491,27,8,67,Yes,Medium,No
P1335,01-12-2024,S17,20,10,12,65,No,Medium,No
P1336,02-12-2024,S20,299,36,9,89,No,Low,Yes
P1337,03-12-2024,S10,138,110,8,98,Yes,Low,No
P1338,04-12-2024,S6,358,22,13,82,No,Medium,No
P1339,05-12-2024,S15,323,19,4,91,Yes,High,Yes
P1340,06-12-2024,S11,498,44,14,81,No,Low,No
P1341,07-12-2024,S5,384,100,14,68,No,Low,No
P1342,08-12-2024,S1,91,77,13,90,No,Medium,Yes
P1343,09-12-2024,S8,446,105,11,66,No,Medium,No
P1344,10-12-2024,S12,279,78,6,68,Yes,Medium,No
P1345,11-12-2024,S12,124,88,1,72,No,Medium,No
P1346,12-12-2024,S5,482,10,4,62,No,Low,Yes
P1347,13-12-2024,S7,396,116,8,94,Yes,Low,No
P1348,14-12-2024,S4,110,67,1,92,No,Low,Yes
P1349,15-12-2024,S6,353,71,3,80,Yes,High,No
P1350,16-12-2024,S13,138,110,1,90,No,Low,Yes
P1351,17-12-2024,S20,483,15,9,93,Yes,Low,No
P1352,18-12-2024,S15,434,47,2,91,Yes,Medium,Yes
P1353,19-12-2024,S3,272,21,9,94,Yes,Low,Yes
P1354,20-12-2024,S8,98,100,13,74,No,Low,Yes
P1355,21-12-2024,S20,251,8,4,91,No,Low,No
P1356,22-12-2024,S16,337,67,2,65,No,Medium,No
P1357,23-12-2024,S13,103,72,4,80,Yes,Low,Yes
P1358,24-12-2024,S18,213,85,12,92,No,Low,No
P1359,25-12-2024,S10,248,45,11,91,No,High,No
P1360,26-12-2024,S19,151,87,11,78,No,High,No
P1361,27-12-2024,S17,249,9,10,92,Yes,High,Yes
P1362,28-12-2024,S19,274,36,6,87,Yes,High,No
P1363,29-12-2024,S5,164,90,11,90,No,Medium,No
P1364,30-12-2024,S9,486,74,7,80,Yes,High,No
P1365,31-12-2024,S12,340,39,3,93,Yes,Low,No
P1366,01-01-2025,S1,7,26,3,74,Yes,High,Yes
P1367,02-01-2025,S1,283,69,12,73,No,Medium,No
P1368,03-01-2025,S15,4,88,10,78,No,High,Yes
P1369,04-01-2025,S2,144,26,12,74,No,High,No
P1370,05-01-2025,S16,100,116,8,65,Yes,Medium,Yes
P1371,06-01-2025,S8,163,15,5,68,No,Medium,No
P1372,07-01-2025,S13,373,81,4,96,Yes,Medium,Yes
P1373,08-01-2025,S1,146,110,7,79,No,Medium,No
P1374,09-01-2025,S16,63,7,7,93,No,Medium,No
P1375,10-01-2025,S7,90,13,13,97,No,Medium,No
P1376,11-01-2025,S5,116,64,9,85,Yes,Low,Yes
P1377,12-01-2025,S3,353,80,9,77,Yes,High,No
P1378,13-01-2025,S12,266,91,5,87,No,High,No
P1379,14-01-2025,S16,309,18,13,68,No,Medium,No
P1380,15-01-2025,S19,172,101,12,91,Yes,Medium,Yes
P1381,16-01-2025,S5,46,22,13,65,No,Low,No
P1382,17-01-2025,S14,139,117,8,73,No,Low,No
P1383,18-01-2025,S5,245,109,10,87,No,Medium,No
P1384,19-01-2025,S15,148,77,1,83,No,Low,Yes
P1385,20-01-2025,S17,245,27,9,72,Yes,Low,Yes
P1386,21-01-2025,S14,394,78,8,71,Yes,Medium,Yes
P1387,22-01-2025,S20,486,87,6,78,Yes,Medium,No
P1388,23-01-2025,S5,475,51,13,80,No,Medium,No
P1389,24-01-2025,S12,4,73,3,86,Yes,Medium,No
P1390,25-01-2025,S16,464,51,3,78,No,High,No
P1391,26-01-2025,S16,183,91,8,83,Yes,High,No
P1392,27-01-2025,S7,19,34,5,85,Yes,Medium,No
P1393,28-01-2025,S4,424,29,10,87,No,Low,No
P1394,29-01-2025,S1,45,32,11,77,Yes,Medium,No
P1395,30-01-2025,S5,11,102,14,95,Yes,High,No
P1396,31-01-2025,S10,69,113,7,88,No,Low,No
P1397,01-02-2025,S5,16,116,5,76,Yes,High,No
P1398,02-02-2025,S4,370,115,8,63,Yes,Medium,No
P1399,03-02-2025,S2,146,29,10,88,Yes,High,No
P1400,04-02-2025,S20,153,78,10,63,No,High,Yes
P1401,05-02-2025,S10,303,82,4,69,No,High,No
P1402,06-02-2025,S19,107,110,2,84,No,Low,Yes
P1403,07-02-2025,S1,235,114,3,90,Yes,High,Yes
P1404,08-02-2025,S5,307,62,8,62,No,Low,No
P1405,09-02-2025,S13,351,98,11,61,No,Medium,No
P1406,10-02-2025,S4,69,45,13,84,No,Medium,No
P1407,11-02-2025,S16,182,29,7,65,Yes,High,No
P1408,12-02-2025,S16,249,82,13,85,No,Low,Yes
P1409,13-02-2025,S2,227,103,2,67,No,Medium,Yes
P1410,14-02-2025,S17,101,52,6,94,No,Low,No
P1411,15-02-2025,S20,74,102,9,86,Yes,Low,No
P1412,16-02-2025,S12,416,14,4,84,Yes,High,Yes
P1413,17-02-2025,S18,445,103,9,77,Yes,High,No
P1414,18-02-2025,S3,215,79,2,60,Yes,Low,No
P1415,19-02-2025,S1,406,15,2,98,No,Low,No
P1416,20-02-2025,S1,398,89,9,62,No,High,No
P1417,21-02-2025,S19,410,25,12,63,No,Low,No
P1418,22-02-2025,S11,202,90,7,96,Yes,High,No
P1419,23-02-2025,S5,191,49,7,74,Yes,Low,No
P1420,24-02-2025,S12,248,11,1,67,Yes,High,Yes
P1421,25-02-2025,S3,498,85,13,97,Yes,Low,No
P1422,26-02-2025,S1,241,68,11,78,No,High,No
P1423,27-02-2025,S1,464,68,6,85,Yes,Low,Yes
P1424,28-02-2025,S8,178,6,13,98,Yes,Medium,Yes
P1425,01-03-2025,S10,436,80,7,69,No,Medium,No
P1426,02-03-2025,S11,461,46,11,97,No,Low,No
P1427,03-03-2025,S12,218,86,14,73,No,Medium,No
P1428,04-03-2025,S13,81,58,6,78,No,Low,Yes
P1429,05-03-2025,S12,91,79,6,89,Yes,Low,No
P1430,06-03-2025,S14,434,20,2,64,No,Medium,No
P1431,07-03-2025,S2,174,117,6,90,Yes,Low,Yes
P1432,08-03-2025,S19,238,119,4,66,Yes,High,No
P1433,09-03-2025,S18,259,22,9,78,No,Low,Yes
P1434,10-03-2025,S3,390,103,12,90,Yes,Low,Yes
P1435,11-03-2025,S17,364,63,1,98,No,Medium,No
P1436,12-03-2025,S8,162,94,13,83,Yes,High,No
P1437,13-03-2025,S10,47,20,8,93,No,Low,Yes
P1438,14-03-2025,S2,328,10,5,82,No,Low,No
P1439,15-03-2025,S19,327,61,1,99,No,Low,No
P1440,16-03-2025,S9,115,112,4,65,No,Low,No
P1441,17-03-2025,S7,428,111,1,97,No,Low,No
P1442,18-03-2025,S4,336,51,6,95,Yes,Low,No
P1443,19-03-2025,S18,336,115,2,86,No,High,Yes
P1444,20-03-2025,S13,368,52,5,70,No,High,No
P1445,21-03-2025,S11,224,46,7,64,Yes,Low,Yes
P1446,22-03-2025,S4,351,80,2,76,No,Low,No
P1447,23-03-2025,S4,327,64,6,66,No,Medium,No
P1448,24-03-2025,S10,146,81,6,86,No,High,No
P1449,25-03-2025,S5,62,8,5,74,Yes,High,Yes
P1450,26-03-2025,S9,293,107,5,72,No,Low,No
P1451,27-03-2025,S3,322,6,14,70,Yes,High,No
P1452,28-03-2025,S17,442,94,3,85,Yes,High,No
P1453,29-03-2025,S3,324,63,10,81,No,Medium,No
P1454,30-03-2025,S16,12,31,10,87,No,Medium,No
P1455,31-03-2025,S4,430,31,11,83,No,High,No
P1456,01-04-2025,S18,493,83,12,88,Yes,High,No
P1457,02-04-2025,S17,188,76,2,68,Yes,High,No
P1458,03-04-2025,S7,286,11,7,63,Yes,Low,No
P1459,04-04-2025,S5,207,67,1,77,No,Medium,No
P1460,05-04-2025,S12,113,115,6,75,No,Low,No
P1461,06-04-2025,S17,479,50,6,92,Yes,Medium,No
P1462,07-04-2025,S13,21,67,3,88,Yes,Medium,No
P1463,08-04-2025,S3,348,108,2,98,Yes,Medium,No
P1464,09-04-2025,S9,213,16,12,69,No,High,No
P1465,10-04-2025,S17,170,17,2,68,Yes,Medium,No
P1466,11-04-2025,S17,322,47,14,90,No,Low,No
P1467,12-04-2025,S20,53,21,13,87,No,Medium,No
P1468,13-04-2025,S16,393,67,9,62,No,Low,No
P1469,14-04-2025,S13,297,85,11,73,No,Medium,No
P1470,15-04-2025,S19,319,40,5,84,No,Medium,Yes
P1471,16-04-2025,S17,125,89,7,74,Yes,High,No
P1472,17-04-2025,S4,276,12,12,61,No,Low,No
P1473,18-04-2025,S12,463,73,5,83,No,Medium,No
P1474,19-04-2025,S9,203,94,7,73,Yes,Medium,Yes
P1475,20-04-2025,S19,193,84,13,66,No,Low,No
P1476,21-04-2025,S12,168,40,4,95,Yes,Medium,No
P1477,22-04-2025,S9,151,32,8,83,Yes,High,Yes
P1478,23-04-2025,S7,34,97,13,86,Yes,Low,Yes
P1479,24-04-2025,S14,183,51,11,96,No,High,No
P1480,25-04-2025,S20,285,80,14,97,No,Low,No
P1481,26-04-2025,S19,56,105,10,89,No,Low,Yes
P1482,27-04-2025,S15,221,34,13,86,Yes,Low,No
P1483,28-04-2025,S16,302,27,11,98,No,Medium,No
P1484,29-04-2025,S5,162,20,10,74,No,Low,No
P1485,30-04-2025,S3,18,18,7,85,No,Low,No
P1486,01-05-2025,S12,369,78,10,60,Yes,Low,No
P1487,02-05-2025,S20,263,75,5,63,Yes,High,No
P1488,03-05-2025,S4,281,113,11,88,Yes,Low,No
P1489,04-05-2025,S16,112,56,6,60,No,Medium,No
P1490,05-05-2025,S7,487,41,5,81,No,Low,No
P1491,06-05-2025,S13,326,33,7,70,No,Low,No
P1492,07-05-2025,S10,29,71,12,69,No,High,No
P1493,08-05-2025,S7,134,19,2,76,No,Medium,Yes
P1494,09-05-2025,S14,66,104,5,95,No,Medium,Yes
P1495,10-05-2025,S5,64,51,10,85,No,Medium,No
P1496,11-05-2025,S3,291,50,3,80,Yes,Low,No
P1497,12-05-2025,S11,24,56,9,72,Yes,Low,No
P1498,13-05-2025,S11,36,23,13,68,No,Medium,Yes
P1499,14-05-2025,S18,0,81,6,70,No,Medium,Yes
P1500,15-05-2025,S15,398,110,13,70,Yes,High,No
P1501,16-05-2025,S12,36,25,10,65,No,Medium,No
P1502,17-05-2025,S9,140,68,3,60,No,Low,No
P1503,18-05-2025,S10,231,41,7,65,No,Low,Yes
P1504,19-05-2025,S12,135,31,4,72,No,Low,No
P1505,20-05-2025,S17,388,59,14,81,No,High,No
P1506,21-05-2025,S6,187,33,3,90,No,Medium,No
P1507,22-05-2025,S7,127,24,8,81,Yes,Low,No
P1508,23-05-2025,S14,200,29,13,96,No,High,No
P1509,24-05-2025,S13,126,74,4,86,No,High,No
P1510,25-05-2025,S8,256,67,11,73,No,Low,No
P1511,26-05-2025,S10,163,40,1,64,No,High,No
P1512,27-05-2025,S9,34,6,6,95,Yes,High,Yes
P1513,28-05-2025,S18,193,26,10,91,No,Low,Yes
P1514,29-05-2025,S2,190,100,11,93,Yes,High,No
P1515,30-05-2025,S5,103,20,11,66,No,Low,Yes
P1516,31-05-2025,S5,22,22,1,69,No,Low,Yes
P1517,01-06-2025,S6,264,73,5,76,No,High,No
P1518,02-06-2025,S19,289,58,7,89,No,Low,No
P1519,03-06-2025,S8,429,104,6,80,No,Low,No
P1520,04-06-2025,S16,461,34,14,72,Yes,Medium,No
P1521,05-06-2025,S13,383,49,2,60,No,Low,No
P1522,06-06-2025,S1,259,23,11,60,Yes,Medium,No
P1523,07-06-2025,S20,413,91,4,92,No,Medium,No
P1524,08-06-2025,S17,478,38,11,97,Yes,Medium,Yes
P1525,09-06-2025,S7,357,17,2,84,No,Medium,Yes
P1526,10-06-2025,S13,74,47,11,85,No,High,No
P1527,11-06-2025,S4,354,66,1,72,No,High,Yes
P1528,12-06-2025,S4,71,97,3,87,Yes,Low,Yes
P1529,13-06-2025,S6,258,104,3,92,No,Low,Yes
P1530,14-06-2025,S19,397,26,12,96,No,Low,No
P1531,15-06-2025,S12,187,56,7,89,No,High,No
P1532,16-06-2025,S7,460,56,1,67,No,Medium,No
P1533,17-06-2025,S10,172,115,9,60,No,High,Yes
P1534,18-06-2025,S19,479,40,11,71,No,High,No
P1535,19-06-2025,S7,289,77,6,64,No,Low,Yes
P1536,20-06-2025,S3,44,107,4,83,No,Low,No
P1537,21-06-2025,S13,60,119,3,65,No,Low,No
P1538,22-06-2025,S13,82,23,3,84,No,Medium,No
P1539,23-06-2025,S18,122,42,2,60,Yes,Medium,No
P1540,24-06-2025,S20,357,74,2,84,No,High,No
P1541,25-06-2025,S8,15,115,14,60,No,Medium,No
P1542,26-06-2025,S9,65,83,12,91,No,Low,No
P1543,27-06-2025,S7,423,61,13,62,No,Medium,No
P1544,28-06-2025,S1,144,24,10,78,Yes,Medium,No
P1545,29-06-2025,S3,374,13,5,88,Yes,Medium,No
P1546,30-06-2025,S13,161,36,9,61,No,Medium,No
P1547,01-07-2025,S17,233,8,2,68,No,Low,No
P1548,02-07-2025,S1,379,54,2,76,No,Low,Yes
P1549,03-07-2025,S6,143,86,12,95,No,High,No
P1550,04-07-2025,S6,357,9,6,76,No,High,No
P1551,05-07-2025,S12,187,24,13,71,No,High,No
P1552,06-07-2025,S13,321,91,10,79,No,Medium,Yes
P1553,07-07-2025,S13,449,79,2,62,No,Medium,No
P1554,08-07-2025,S15,473,41,12,63,No,Low,No
P1555,09-07-2025,S16,12,26,4,76,Yes,High,No
P1556,10-07-2025,S11,183,62,6,96,No,Low,No
P1557,11-07-2025,S5,110,72,5,74,No,High,No
P1558,12-07-2025,S4,414,97,1,92,No,High,No
P1559,13-07-2025,S3,289,48,6,75,Yes,High,Yes
P1560,14-07-2025,S19,294,38,1,70,No,Medium,No
P1561,15-07-2025,S20,450,81,3,79,Yes,High,No
P1562,16-07-2025,S18,391,46,10,97,No,High,No
P1563,17-07-2025,S15,214,13,5,83,Yes,Medium,No
P1564,18-07-2025,S9,461,110,14,75,No,High,No
P1565,19-07-2025,S17,119,99,10,89,No,Medium,No
P1566,20-07-2025,S14,381,11,13,93,No,Medium,No
P1567,21-07-2025,S15,54,72,5,60,Yes,Low,No
P1568,22-07-2025,S1,26,23,13,83,Yes,Medium,No
P1569,23-07-2025,S3,117,110,10,83,Yes,Medium,No
P1570,24-07-2025,S16,220,98,6,68,Yes,Medium,No
P1571,25-07-2025,S11,230,35,12,81,No,High,Yes
P1572,26-07-2025,S12,52,39,10,71,Yes,Low,No
P1573,27-07-2025,S10,294,61,8,76,No,High,No
P1574,28-07-2025,S16,320,89,5,84,Yes,Medium,Yes
P1575,29-07-2025,S8,400,65,14,87,No,Medium,No
P1576,30-07-2025,S6,232,35,11,74,No,Low,No
P1577,31-07-2025,S12,157,87,1,89,Yes,Low,No
P1578,01-08-2025,S8,436,99,5,86,No,Medium,No
P1579,02-08-2025,S4,268,57,3,81,Yes,Medium,No
P1580,03-08-2025,S8,20,36,4,69,Yes,High,No
P1581,04-08-2025,S18,402,70,13,90,No,Medium,No
P1582,05-08-2025,S5,52,63,8,86,No,High,No
P1583,06-08-2025,S9,274,14,7,71,No,Low,No
P1584,07-08-2025,S4,312,6,11,90,No,High,No
P1585,08-08-2025,S17,280,70,5,91,No,Medium,No
P1586,09-08-2025,S9,213,64,2,91,No,High,Yes
P1587,10-08-2025,S1,30,92,6,94,No,High,Yes
P1588,11-08-2025,S20,336,21,11,80,No,Low,No
P1589,12-08-2025,S13,182,100,6,69,Yes,High,No
P1590,13-08-2025,S16,22,20,10,75,Yes,Medium,No
P1591,14-08-2025,S13,31,20,10,66,No,High,No
P1592,15-08-2025,S14,445,50,14,63,No,High,Yes
P1593,16-08-2025,S3,73,43,11,86,Yes,High,Yes
P1594,17-08-2025,S6,9,35,6,84,No,Medium,No
P1595,18-08-2025,S18,483,111,14,90,Yes,High,No
P1596,19-08-2025,S19,455,92,9,70,No,Medium,No
P1597,20-08-2025,S5,53,5,11,79,Yes,High,No
P1598,21-08-2025,S15,51,15,8,95,No,Low,Yes
P1599,22-08-2025,S2,147,89,8,76,No,Low,No
P1600,23-08-2025,S10,159,8,1,70,Yes,Low,No
P1601,24-08-2025,S18,369,75,5,89,No,Medium,No
P1602,25-08-2025,S13,13,30,7,94,No,Medium,No
P1603,26-08-2025,S5,177,115,6,97,Yes,Medium,No
P1604,27-08-2025,S1,411,54,5,81,Yes,High,No
P1605,28-08-2025,S1,365,16,8,86,Yes,Medium,Yes
P1606,29-08-2025,S18,499,99,3,96,No,Medium,Yes
P1607,30-08-2025,S15,52,85,6,94,No,Medium,No
P1608,31-08-2025,S17,407,101,5,63,Yes,Medium,No
P1609,01-09-2025,S11,334,79,8,75,No,Low,Yes
P1610,02-09-2025,S17,21,96,4,75,Yes,High,No
P1611,03-09-2025,S13,29,100,8,80,No,Low,No
P1612,04-09-2025,S1,190,69,10,85,Yes,High,No
P1613,05-09-2025,S2,259,51,14,95,No,High,Yes
P1614,06-09-2025,S9,204,96,2,78,No,Low,No
P1615,07-09-2025,S3,58,57,9,76,No,Medium,No
P1616,08-09-2025,S1,470,110,13,85,No,Low,Yes
P1617,09-09-2025,S16,263,75,9,81,No,High,No
P1618,10-09-2025,S6,465,6,14,87,No,High,No
P1619,11-09-2025,S17,11,110,10,60,No,Medium,No
P1620,12-09-2025,S5,118,28,10,95,No,Low,No
P1621,13-09-2025,S5,414,8,13,96,No,High,No
P1622,14-09-2025,S6,461,112,6,61,No,Low,No
P1623,15-09-2025,S3,289,23,4,76,No,Medium,No
P1624,16-09-2025,S5,337,30,4,99,No,Medium,No
P1625,17-09-2025,S5,247,79,13,97,Yes,High,No
P1626,18-09-2025,S10,353,44,6,80,No,Medium,Yes
P1627,19-09-2025,S10,126,54,5,68,No,High,No
P1628,20-09-2025,S19,74,47,6,72,No,High,Yes
P1629,21-09-2025,S17,360,79,7,70,No,Medium,Yes
P1630,22-09-2025,S14,203,113,7,75,No,Medium,No
P1631,23-09-2025,S9,48,71,9,75,Yes,Low,No
P1632,24-09-2025,S14,78,16,8,61,No,Low,Yes
P1633,25-09-2025,S1,440,71,13,67,No,High,No
P1634,26-09-2025,S19,478,110,6,72,No,Low,No
P1635,27-09-2025,S13,240,31,12,76,Yes,High,No
P1636,28-09-2025,S13,348,117,6,98,Yes,Medium,No
P1637,29-09-2025,S4,153,58,14,83,Yes,Medium,Yes
P1638,30-09-2025,S1,273,70,5,62,No,Low,No
P1639,01-10-2025,S17,95,53,1,89,No,High,No
P1640,02-10-2025,S8,213,20,9,72,Yes,High,Yes
P1641,03-10-2025,S2,293,6,9,78,No,Low,Yes
P1642,04-10-2025,S8,208,64,9,66,No,High,No
P1643,05-10-2025,S7,342,58,11,68,No,High,No
P1644,06-10-2025,S2,87,34,8,78,No,Medium,No
P1645,07-10-2025,S3,305,88,13,99,No,High,Yes
P1646,08-10-2025,S18,263,42,10,81,Yes,High,No
P1647,09-10-2025,S12,424,32,13,77,No,High,No
P1648,10-10-2025,S1,389,29,3,82,Yes,Low,Yes
P1649,11-10-2025,S12,324,100,1,61,No,Low,No
P1650,12-10-2025,S5,427,14,11,70,No,Low,Yes
P1651,13-10-2025,S17,376,64,12,90,Yes,High,No
P1652,14-10-2025,S16,319,46,12,92,Yes,High,No
P1653,15-10-2025,S15,156,44,8,73,No,Low,No
P1654,16-10-2025,S15,155,101,7,75,No,Low,Yes
P1655,17-10-2025,S5,138,81,13,70,No,High,No
P1656,18-10-2025,S14,120,109,5,92,Yes,High,No
P1657,19-10-2025,S2,64,46,10,66,Yes,Medium,No
P1658,20-10-2025,S11,106,51,7,90,No,Low,Yes
P1659,21-10-2025,S19,146,41,10,73,Yes,High,Yes
P1660,22-10-2025,S7,136,84,4,87,No,Low,No
P1661,23-10-2025,S6,410,113,9,75,Yes,Low,No
P1662,24-10-2025,S2,161,26,11,78,No,Low,Yes
P1663,25-10-2025,S6,427,61,10,76,Yes,Medium,No
P1664,26-10-2025,S18,451,88,14,85,Yes,High,No
P1665,27-10-2025,S2,99,118,2,65,No,High,No
P1666,28-10-2025,S18,337,111,9,68,No,Low,No
P1667,29-10-2025,S15,398,31,9,76,Yes,High,No
P1668,30-10-2025,S19,306,45,5,90,Yes,Medium,Yes
P1669,31-10-2025,S2,140,84,11,71,Yes,Low,Yes
P1670,01-11-2025,S20,82,38,1,82,No,Medium,No
P1671,02-11-2025,S6,176,36,7,64,No,Medium,No
P1672,03-11-2025,S1,197,94,10,95,Yes,High,No
P1673,04-11-2025,S15,111,93,10,95,No,High,No
P1674,05-11-2025,S10,55,70,4,62,No,Medium,No
P1675,06-11-2025,S19,459,16,9,83,No,High,Yes
P1676,07-11-2025,S17,178,44,6,76,No,Medium,No
P1677,08-11-2025,S5,420,77,13,98,Yes,Medium,No
P1678,09-11-2025,S4,400,80,3,85,Yes,Low,No
P1679,10-11-2025,S10,185,94,6,63,Yes,Medium,No
P1680,11-11-2025,S17,470,77,13,71,No,Medium,No
P1681,12-11-2025,S10,217,14,10,60,No,High,No
P1682,13-11-2025,S17,412,100,6,80,No,Low,Yes
P1683,14-11-2025,S20,416,102,5,78,Yes,High,Yes
P1684,15-11-2025,S5,315,52,2,80,No,Low,No
P1685,16-11-2025,S2,474,24,10,77,Yes,High,No
P1686,17-11-2025,S6,216,43,10,62,Yes,Medium,Yes
P1687,18-11-2025,S2,119,64,2,91,No,Low,No
P1688,19-11-2025,S13,438,70,7,69,Yes,Low,No
P1689,20-11-2025,S11,393,69,2,99,Yes,Low,No
P1690,21-11-2025,S11,174,55,12,74,No,Low,No
P1691,22-11-2025,S16,22,40,6,64,Yes,High,No
P1692,23-11-2025,S11,212,28,5,63,Yes,High,Yes
P1693,24-11-2025,S19,404,31,4,87,Yes,Low,No
P1694,25-11-2025,S15,234,6,7,63,No,Low,No
P1695,26-11-2025,S16,12,35,8,74,No,Low,Yes
P1696,27-11-2025,S11,100,61,4,76,Yes,High,No
P1697,28-11-2025,S16,416,82,1,62,No,Low,No
P1698,29-11-2025,S8,23,70,1,69,Yes,Low,No
P1699,30-11-2025,S4,363,33,1,82,No,Low,No
P1700,01-12-2025,S8,10,19,11,77,No,High,No
P1701,02-12-2025,S4,272,16,1,60,No,Medium,No
P1702,03-12-2025,S3,451,105,5,94,No,Medium,Yes
P1703,04-12-2025,S3,430,32,4,90,No,High,No
P1704,05-12-2025,S18,280,88,13,60,No,Medium,No
P1705,06-12-2025,S19,93,107,14,62,No,Low,Yes
P1706,07-12-2025,S19,200,28,9,62,No,Low,No
P1707,08-12-2025,S5,20,25,3,96,No,High,No
P1708,09-12-2025,S18,339,14,14,78,No,High,No
P1709,10-12-2025,S10,466,114,7,88,Yes,Medium,Yes
P1710,11-12-2025,S6,210,82,11,84,Yes,Medium,No
P1711,12-12-2025,S1,139,105,8,92,No,Low,Yes
P1712,13-12-2025,S5,292,22,6,95,No,High,No
P1713,14-12-2025,S9,297,92,12,88,No,Medium,No
P1714,15-12-2025,S12,400,18,13,85,Yes,Medium,No
P1715,16-12-2025,S14,100,38,10,63,Yes,Low,No
P1716,17-12-2025,S2,303,62,13,73,No,Low,Yes
P1717,18-12-2025,S17,358,80,1,86,No,Low,No
P1718,19-12-2025,S14,27,26,8,92,Yes,Low,No
P1719,20-12-2025,S13,40,74,10,81,No,Medium,No
P1720,21-12-2025,S9,354,40,3,62,No,High,No
P1721,22-12-2025,S15,302,49,8,82,No,High,Yes
P1722,23-12-2025,S15,495,40,12,80,No,Low,Yes
P1723,24-12-2025,S11,145,26,4,82,No,Low,Yes
P1724,25-12-2025,S16,255,82,8,63,No,Medium,No
P1725,26-12-2025,S17,461,84,11,80,No,Low,Yes
P1726,27-12-2025,S4,226,65,1,96,Yes,High,Yes
P1727,28-12-2025,S1,235,104,3,90,No,Low,No
P1728,29-12-2025,S8,360,60,6,80,Yes,High,No
P1729,30-12-2025,S17,379,93,9,85,Yes,Low,No
P1730,31-12-2025,S3,454,100,2,94,No,Low,No
P1731,01-01-2026,S20,488,37,11,97,No,High,No
P1732,02-01-2026,S15,12,49,1,83,No,Medium,No
P1733,03-01-2026,S15,209,40,10,70,No,Medium,No
P1734,04-01-2026,S14,228,24,3,88,No,Low,No
P1735,05-01-2026,S14,396,22,4,62,No,Low,Yes
P1736,06-01-2026,S2,99,42,11,60,No,High,Yes
P1737,07-01-2026,S13,30,71,5,78,Yes,High,No
P1738,08-01-2026,S14,385,27,3,81,Yes,Low,No
P1739,09-01-2026,S19,15,100,13,73,No,High,No
P1740,10-01-2026,S7,136,113,10,73,No,Medium,No
P1741,11-01-2026,S3,328,20,11,75,No,Medium,Yes
P1742,12-01-2026,S15,165,63,2,92,No,High,No
P1743,13-01-2026,S14,458,73,2,72,No,High,No
P1744,14-01-2026,S11,309,72,7,97,No,High,No
P1745,15-01-2026,S15,439,25,9,71,No,Medium,Yes
P1746,16-01-2026,S13,469,108,10,97,Yes,Low,Yes
P1747,17-01-2026,S18,480,119,2,98,Yes,High,No
P1748,18-01-2026,S6,99,82,7,92,Yes,High,No
P1749,19-01-2026,S3,108,107,7,92,No,High,Yes
P1750,20-01-2026,S19,342,99,11,88,Yes,Low,Yes
P1751,21-01-2026,S15,172,82,7,64,No,High,No
P1752,22-01-2026,S5,236,74,3,65,No,High,No
P1753,23-01-2026,S10,161,16,12,90,Yes,Medium,Yes
P1754,24-01-2026,S7,392,20,7,75,Yes,High,No
P1755,25-01-2026,S17,215,85,1,90,No,Medium,No
P1756,26-01-2026,S7,263,113,10,84,No,Low,No
P1757,27-01-2026,S12,262,91,1,92,No,High,No
P1758,28-01-2026,S17,291,18,5,72,No,High,No
P1759,29-01-2026,S13,273,65,2,69,No,Medium,No
P1760,30-01-2026,S20,2,75,9,83,No,Low,No
P1761,31-01-2026,S4,27,50,7,69,No,Low,No
P1762,01-02-2026,S10,325,36,4,90,No,Medium,No
P1763,02-02-2026,S3,491,19,4,72,Yes,Low,No
P1764,03-02-2026,S9,427,48,2,62,No,Low,No
P1765,04-02-2026,S13,148,21,5,93,No,Low,Yes
P1766,05-02-2026,S18,27,45,4,87,Yes,Low,No
P1767,06-02-2026,S15,487,58,12,78,Yes,Low,No
P1768,07-02-2026,S4,309,115,13,82,No,Low,No
P1769,08-02-2026,S15,437,48,1,91,Yes,Low,No
P1770,09-02-2026,S2,64,102,12,72,Yes,Low,Yes
P1771,10-02-2026,S15,355,9,8,92,No,High,No
P1772,11-02-2026,S8,20,113,3,93,No,Medium,No
P1773,12-02-2026,S8,251,31,14,92,No,Low,No
P1774,13-02-2026,S17,234,91,6,64,No,Medium,No
P1775,14-02-2026,S12,226,108,4,62,No,Low,No
P1776,15-02-2026,S19,12,82,9,66,No,Low,No
P1777,16-02-2026,S10,312,83,7,83,Yes,High,No
P1778,17-02-2026,S9,48,47,9,81,No,Medium,No
P1779,18-02-2026,S5,117,101,10,82,No,Medium,No
P1780,19-02-2026,S6,53,35,3,89,No,High,No
P1781,20-02-2026,S20,137,103,1,77,No,High,No
P1782,21-02-2026,S2,52,21,5,91,No,Medium,Yes
P1783,22-02-2026,S13,43,96,3,66,No,Low,No
P1784,23-02-2026,S6,302,87,6,92,Yes,Low,No
P1785,24-02-2026,S5,52,114,8,64,No,Medium,No
P1786,25-02-2026,S1,73,58,11,87,No,Low,No
P1787,26-02-2026,S6,45,66,13,67,No,High,No
P1788,27-02-2026,S6,12,91,4,74,No,High,No
P1789,28-02-2026,S16,164,36,5,63,No,High,No
P1790,01-03-2026,S4,101,44,5,93,Yes,Medium,No
P1791,02-03-2026,S11,279,17,4,64,Yes,Medium,Yes
P1792,03-03-2026,S9,257,88,4,92,No,Medium,No
P1793,04-03-2026,S3,469,39,4,64,No,Low,No
P1794,05-03-2026,S19,336,9,4,97,Yes,Medium,No
P1795,06-03-2026,S8,355,77,4,93,Yes,Medium,No
P1796,07-03-2026,S5,397,33,5,85,No,High,No
P1797,08-03-2026,S4,137,74,2,60,No,Low,No
P1798,09-03-2026,S6,162,29,2,63,No,Low,Yes
P1799,10-03-2026,S2,408,99,9,98,Yes,High,No
P1800,11-03-2026,S20,386,26,2,85,No,Low,No
P1801,12-03-2026,S11,110,70,6,92,Yes,Medium,No
P1802,13-03-2026,S4,101,49,2,92,No,Low,No
P1803,14-03-2026,S15,16,73,5,67,No,High,No
P1804,15-03-2026,S6,267,95,4,79,Yes,Low,No
P1805,16-03-2026,S17,181,93,12,75,No,High,No
P1806,17-03-2026,S6,371,76,7,80,No,Medium,No
P1807,18-03-2026,S19,23,5,7,85,No,Medium,No
P1808,19-03-2026,S2,28,88,13,82,No,High,No
P1809,20-03-2026,S15,170,48,6,77,Yes,Medium,Yes
P1810,21-03-2026,S11,408,91,10,90,No,Medium,Yes
P1811,22-03-2026,S8,227,100,5,71,No,Low,Yes
P1812,23-03-2026,S19,377,79,1,60,No,Medium,Yes
P1813,24-03-2026,S13,187,43,12,68,No,High,Yes
P1814,25-03-2026,S12,345,115,3,62,No,Medium,Yes
P1815,26-03-2026,S5,229,58,9,85,No,Low,Yes
P1816,27-03-2026,S6,320,92,14,68,No,High,No
P1817,28-03-2026,S4,339,79,1,75,Yes,Medium,No
P1818,29-03-2026,S19,118,33,5,83,No,Medium,No
P1819,30-03-2026,S20,155,58,2,73,No,Medium,Yes
P1820,31-03-2026,S1,271,94,4,62,Yes,High,No
P1821,01-04-2026,S20,174,20,14,93,Yes,Low,No
P1822,02-04-2026,S17,464,103,14,92,No,High,Yes
P1823,03-04-2026,S12,103,24,11,83,Yes,High,No
P1824,04-04-2026,S15,91,50,1,68,Yes,Low,No
P1825,05-04-2026,S1,185,71,3,72,No,High,No
P1826,06-04-2026,S14,459,69,10,61,Yes,High,No
P1827,07-04-2026,S6,282,62,7,66,No,Medium,No
P1828,08-04-2026,S5,180,57,10,80,No,High,No
P1829,09-04-2026,S11,169,115,3,78,No,Medium,Yes
P1830,10-04-2026,S4,186,5,4,84,No,High,Yes
P1831,11-04-2026,S13,174,85,2,81,No,Medium,No
P1832,12-04-2026,S11,221,70,3,70,No,Medium,Yes
P1833,13-04-2026,S3,232,33,9,92,No,Medium,Yes
P1834,14-04-2026,S1,161,88,3,91,No,Low,No
P1835,15-04-2026,S6,420,74,11,80,Yes,High,No
P1836,16-04-2026,S18,133,12,5,98,No,High,Yes
P1837,17-04-2026,S10,390,33,2,79,No,High,No
P1838,18-04-2026,S5,479,116,4,67,No,Low,No
P1839,19-04-2026,S10,223,55,12,96,No,Medium,No
P1840,20-04-2026,S12,152,37,13,68,No,High,Yes
P1841,21-04-2026,S2,32,7,7,84,No,Low,No
P1842,22-04-2026,S13,54,64,14,84,No,Low,No
P1843,23-04-2026,S8,441,39,7,92,Yes,High,No
P1844,24-04-2026,S2,6,73,12,61,No,Medium,Yes
P1845,25-04-2026,S20,243,95,3,78,No,Low,No
P1846,26-04-2026,S1,312,112,5,79,No,High,No
P1847,27-04-2026,S5,125,80,1,88,Yes,Medium,Yes
P1848,28-04-2026,S9,11,88,10,65,Yes,Low,No
P1849,29-04-2026,S17,15,113,10,76,Yes,Low,Yes
P1850,30-04-2026,S9,207,24,10,84,No,High,No
P1851,01-05-2026,S11,42,77,11,97,No,High,Yes
P1852,02-05-2026,S15,372,43,1,63,No,Medium,No
P1853,03-05-2026,S6,483,8,5,89,No,High,No
P1854,04-05-2026,S3,460,119,13,79,No,High,No
P1855,05-05-2026,S17,134,23,10,62,No,Medium,No
P1856,06-05-2026,S5,227,106,9,82,No,High,Yes
P1857,07-05-2026,S12,110,95,1,77,No,Medium,No
P1858,08-05-2026,S18,306,49,1,85,No,Medium,No
P1859,09-05-2026,S14,456,47,4,95,Yes,Medium,Yes
P1860,10-05-2026,S11,159,17,4,67,No,High,No
P1861,11-05-2026,S9,330,17,2,76,No,Medium,Yes
P1862,12-05-2026,S2,263,64,9,90,No,High,No
P1863,13-05-2026,S12,224,61,14,96,No,Medium,No
P1864,14-05-2026,S3,470,90,9,92,No,High,Yes
P1865,15-05-2026,S3,216,96,13,86,Yes,Medium,No
P1866,16-05-2026,S1,455,56,13,63,No,Low,No
P1867,17-05-2026,S8,44,115,2,81,No,Low,No
P1868,18-05-2026,S8,213,57,14,85,Yes,Low,No
P1869,19-05-2026,S11,58,113,9,91,Yes,Medium,Yes
P1870,20-05-2026,S9,131,90,6,83,No,High,No
P1871,21-05-2026,S5,103,47,8,94,No,Medium,No
P1872,22-05-2026,S14,194,87,10,96,No,Medium,Yes
P1873,23-05-2026,S3,412,76,13,91,No,Medium,No
P1874,24-05-2026,S5,488,76,13,66,No,Medium,Yes
P1875,25-05-2026,S5,156,46,4,92,Yes,High,No
P1876,26-05-2026,S19,97,94,2,90,No,Medium,No
P1877,27-05-2026,S14,225,116,2,71,No,Low,No
P1878,28-05-2026,S4,411,119,9,70,Yes,Low,No
P1879,29-05-2026,S13,204,30,1,83,No,Low,No
P1880,30-05-2026,S10,78,27,12,67,No,Medium,No
P1881,31-05-2026,S18,123,47,7,91,Yes,High,No
P1882,01-06-2026,S8,470,81,11,97,No,High,No
P1883,02-06-2026,S8,427,32,14,81,No,High,No
P1884,03-06-2026,S7,217,13,3,93,No,Medium,No
P1885,04-06-2026,S8,3,24,3,78,Yes,High,Yes
P1886,05-06-2026,S14,89,60,2,79,No,Low,No
P1887,06-06-2026,S19,103,87,14,73,No,High,No
P1888,07-06-2026,S6,392,116,10,92,Yes,Medium,No
P1889,08-06-2026,S1,118,43,6,69,No,Medium,Yes
P1890,09-06-2026,S15,132,55,13,75,No,High,Yes
P1891,10-06-2026,S1,311,16,10,63,No,Medium,No
P1892,11-06-2026,S17,95,83,2,86,No,High,No
P1893,12-06-2026,S1,467,99,10,87,Yes,High,No
P1894,13-06-2026,S15,433,59,4,75,No,Low,No
P1895,14-06-2026,S2,330,82,10,92,No,Medium,No
P1896,15-06-2026,S14,142,15,9,78,No,Low,No
P1897,16-06-2026,S8,287,30,9,80,No,Medium,No
P1898,17-06-2026,S8,27,46,6,81,No,High,No
P1899,18-06-2026,S19,277,31,13,68,No,Medium,Yes
P1900,19-06-2026,S7,232,15,4,68,No,High,Yes
P1901,20-06-2026,S19,16,42,7,68,No,Medium,No
P1902,21-06-2026,S6,58,102,14,86,No,Low,No
P1903,22-06-2026,S6,89,47,1,76,Yes,Low,Yes
P1904,23-06-2026,S3,491,23,12,67,Yes,High,No
P1905,24-06-2026,S7,198,68,4,75,No,Low,Yes
P1906,25-06-2026,S19,361,10,5,77,Yes,High,No
P1907,26-06-2026,S8,440,50,8,92,No,High,Yes
P1908,27-06-2026,S10,25,106,12,60,Yes,High,No
P1909,28-06-2026,S20,24,117,2,71,Yes,Medium,Yes
P1910,29-06-2026,S15,393,46,12,65,No,High,No
P1911,30-06-2026,S15,300,96,5,64,No,Low,No
P1912,01-07-2026,S1,338,69,6,75,No,Medium,Yes
P1913,02-07-2026,S20,266,103,5,77,No,Low,No
P1914,03-07-2026,S7,460,108,13,77,No,High,Yes
P1915,04-07-2026,S4,180,76,9,60,Yes,High,No
P1916,05-07-2026,S6,455,63,10,78,Yes,Low,No
P1917,06-07-2026,S1,359,56,1,67,No,Medium,No
P1918,07-07-2026,S5,67,51,14,62,No,Low,No
P1919,08-07-2026,S1,494,11,3,84,No,High,No
P1920,09-07-2026,S4,350,15,14,64,No,Medium,Yes
P1921,10-07-2026,S2,411,107,2,99,Yes,High,No
P1922,11-07-2026,S10,458,65,12,78,Yes,High,No
P1923,12-07-2026,S5,490,72,13,77,No,Low,No
P1924,13-07-2026,S10,320,29,3,90,No,High,Yes
P1925,14-07-2026,S1,48,16,10,92,Yes,Low,No
P1926,15-07-2026,S6,174,30,9,77,No,Medium,No
P1927,16-07-2026,S13,51,106,13,98,Yes,High,No
P1928,17-07-2026,S15,101,114,14,75,No,High,No
P1929,18-07-2026,S4,215,16,9,75,No,Medium,No
P1930,19-07-2026,S13,437,47,10,97,No,Low,No
P1931,20-07-2026,S20,187,55,2,66,No,High,Yes
P1932,21-07-2026,S15,56,41,14,73,No,Medium,No
P1933,22-07-2026,S8,46,50,3,84,No,High,Yes
P1934,23-07-2026,S5,158,57,14,91,Yes,Low,No
P1935,24-07-2026,S15,488,92,4,97,Yes,Low,No
P1936,25-07-2026,S4,173,84,9,81,Yes,Low,No
P1937,26-07-2026,S12,241,17,3,75,No,Low,No
P1938,27-07-2026,S13,281,93,13,88,No,Medium,No
P1939,28-07-2026,S2,240,58,7,75,No,High,No
P1940,29-07-2026,S19,369,61,12,71,No,Medium,No
P1941,30-07-2026,S19,4,8,3,76,Yes,Low,No
P1942,31-07-2026,S4,83,79,7,96,No,Low,No
P1943,01-08-2026,S4,307,100,7,86,No,Low,No
P1944,02-08-2026,S11,360,53,9,84,No,Low,No
P1945,03-08-2026,S5,458,11,2,72,Yes,High,No
P1946,04-08-2026,S20,247,114,13,67,No,Low,No
P1947,05-08-2026,S11,53,15,6,64,No,High,No
P1948,06-08-2026,S10,160,96,9,71,No,Low,No
P1949,07-08-2026,S8,433,58,12,62,No,High,No
P1950,08-08-2026,S6,421,109,12,94,No,High,Yes
P1951,09-08-2026,S6,410,91,2,92,Yes,Low,No
P1952,10-08-2026,S8,225,49,2,81,Yes,Medium,No
P1953,11-08-2026,S15,14,27,13,68,Yes,Medium,No
P1954,12-08-2026,S14,223,118,14,77,Yes,Medium,No
P1955,13-08-2026,S11,60,32,5,88,No,Medium,No
P1956,14-08-2026,S12,121,111,10,98,No,Medium,No
P1957,15-08-2026,S13,276,115,10,86,No,Low,No
P1958,16-08-2026,S8,45,61,12,95,Yes,Low,No
P1959,17-08-2026,S18,452,30,10,76,No,Low,No
P1960,18-08-2026,S1,389,29,8,93,Yes,Low,Yes
P1961,19-08-2026,S15,293,58,11,62,Yes,Low,Yes
P1962,20-08-2026,S8,61,33,9,64,No,Low,No
P1963,21-08-2026,S11,85,87,2,73,No,High,No
P1964,22-08-2026,S12,445,101,5,62,No,High,Yes
P1965,23-08-2026,S12,209,40,14,82,Yes,Low,No
P1966,24-08-2026,S4,77,18,7,98,No,Low,No
P1967,25-08-2026,S16,201,82,6,89,Yes,High,Yes
P1968,26-08-2026,S4,301,39,6,82,Yes,High,No
P1969,27-08-2026,S5,396,34,7,86,No,Low,No
P1970,28-08-2026,S5,222,96,3,69,Yes,High,No
P1971,29-08-2026,S8,221,21,13,84,Yes,Medium,Yes
P1972,30-08-2026,S10,2,71,3,72,No,Medium,Yes
P1973,31-08-2026,S17,477,84,10,75,No,Medium,No
P1974,01-09-2026,S9,5,114,9,93,No,High,No
P1975,02-09-2026,S19,92,34,14,96,No,Low,No
P1976,03-09-2026,S14,7,97,8,81,Yes,Low,No
P1977,04-09-2026,S8,427,49,5,76,Yes,Low,Yes
P1978,05-09-2026,S9,492,83,6,82,Yes,High,No
P1979,06-09-2026,S11,234,114,11,95,No,High,No
P1980,07-09-2026,S1,107,93,12,68,No,Medium,No
P1981,08-09-2026,S14,160,55,10,61,No,High,No
P1982,09-09-2026,S5,208,106,1,91,No,Medium,No
P1983,10-09-2026,S14,239,110,10,81,Yes,Medium,No
P1984,11-09-2026,S4,330,51,12,72,No,Low,No
P1985,12-09-2026,S1,332,57,1,67,Yes,High,No
P1986,13-09-2026,S19,49,68,4,60,No,Low,No
P1987,14-09-2026,S8,10,42,2,76,No,Low,No
P1988,15-09-2026,S15,350,68,11,71,No,High,Yes
P1989,16-09-2026,S15,155,91,7,63,No,High,Yes
P1990,17-09-2026,S9,491,93,2,72,No,Medium,No
P1991,18-09-2026,S9,69,110,10,90,Yes,Medium,No
P1992,19-09-2026,S10,168,11,2,66,Yes,Medium,No
P1993,20-09-2026,S20,271,26,5,82,No,Medium,No
P1994,21-09-2026,S9,67,85,4,83,Yes,Low,No
P1995,22-09-2026,S3,354,86,8,64,No,Low,Yes
P1996,23-09-2026,S20,251,117,4,64,No,High,No
P1997,24-09-2026,S11,47,45,14,76,No,Medium,No
P1998,25-09-2026,S6,183,78,12,89,No,Medium,No
P1999,26-09-2026,S2,319,14,6,68,Yes,Medium,No
P2000,27-09-2026,S7,186,61,5,65,No,Low,No
P2001,28-09-2026,S18,89,11,11,84,No,High,No
P2002,29-09-2026,S2,445,116,14,78,No,Low,No
P2003,30-09-2026,S17,331,54,2,75,Yes,High,Yes
P2004,01-10-2026,S11,138,106,11,80,No,High,No
P2005,02-10-2026,S12,356,95,13,61,Yes,Low,No
P2006,03-10-2026,S19,88,56,12,69,No,Low,No
P2007,04-10-2026,S7,273,37,14,75,Yes,High,No
P2008,05-10-2026,S20,18,5,8,96,No,Low,No
P2009,06-10-2026,S6,470,112,2,74,No,Low,No
P2010,07-10-2026,S1,310,57,9,72,Yes,High,No
P2011,08-10-2026,S17,357,64,9,72,Yes,High,No
P2012,09-10-2026,S11,373,38,3,91,No,Medium,No
P2013,10-10-2026,S18,465,8,4,67,Yes,Low,No
P2014,11-10-2026,S17,153,21,8,77,No,High,No
P2015,12-10-2026,S7,389,8,9,95,No,Low,No
P2016,13-10-2026,S17,259,47,3,85,No,Low,No
P2017,14-10-2026,S20,107,94,5,69,No,High,Yes
P2018,15-10-2026,S9,370,8,11,90,Yes,Medium,No
P2019,16-10-2026,S17,284,5,8,92,Yes,High,No
P2020,17-10-2026,S20,58,75,3,88,Yes,High,No
P2021,18-10-2026,S8,124,98,7,64,No,Low,No
P2022,19-10-2026,S17,353,54,11,72,No,Medium,No
P2023,20-10-2026,S7,272,77,8,60,No,High,No
P2024,21-10-2026,S1,106,65,10,82,Yes,Low,No
P2025,22-10-2026,S13,298,39,11,99,No,High,No
P2026,23-10-2026,S19,244,12,14,62,No,Low,No
P2027,24-10-2026,S19,335,28,3,62,No,High,Yes
P2028,25-10-2026,S17,449,87,2,66,No,Medium,No
P2029,26-10-2026,S13,417,40,10,95,No,High,Yes
P2030,27-10-2026,S16,246,54,13,94,Yes,Low,No
P2031,28-10-2026,S8,7,47,7,74,No,High,No
P2032,29-10-2026,S19,140,31,12,99,No,Medium,No
P2033,30-10-2026,S18,361,36,9,62,No,Medium,Yes
P2034,31-10-2026,S1,7,82,1,88,No,Medium,Yes
P2035,01-11-2026,S14,477,22,3,89,Yes,Medium,No
P2036,02-11-2026,S19,351,32,5,98,No,Low,No
P2037,03-11-2026,S15,483,33,3,77,No,High,No
P2038,04-11-2026,S18,494,20,1,70,Yes,Medium,Yes
P2039,05-11-2026,S2,93,103,7,97,No,High,Yes
P2040,06-11-2026,S17,320,51,7,99,No,Low,No
P2041,07-11-2026,S18,426,63,10,60,No,High,Yes
P2042,08-11-2026,S6,38,35,12,88,No,High,No
P2043,09-11-2026,S19,80,8,8,69,No,Medium,No
P2044,10-11-2026,S4,186,41,5,87,Yes,Medium,Yes
P2045,11-11-2026,S1,83,21,10,90,No,Low,Yes
P2046,12-11-2026,S8,87,43,12,78,No,High,Yes
P2047,13-11-2026,S7,241,52,5,62,No,Low,No
P2048,14-11-2026,S3,341,50,5,95,No,Low,No
P2049,15-11-2026,S10,92,94,1,74,No,Low,No
P2050,16-11-2026,S10,85,52,10,92,Yes,Medium,No
P2051,17-11-2026,S19,43,43,5,85,Yes,Medium,No
P2052,18-11-2026,S14,136,109,6,75,No,High,Yes
P2053,19-11-2026,S2,420,8,13,95,No,High,No
P2054,20-11-2026,S1,73,34,12,92,No,High,No
P2055,21-11-2026,S18,35,34,1,79,No,Medium,No
P2056,22-11-2026,S7,100,26,11,72,No,Medium,No
P2057,23-11-2026,S8,475,79,7,92,No,Low,No
P2058,24-11-2026,S1,155,70,1,64,No,Medium,Yes
P2059,25-11-2026,S3,425,112,11,96,No,Low,No
P2060,26-11-2026,S8,254,16,2,73,No,Low,No
P2061,27-11-2026,S15,170,98,2,86,No,Medium,No
P2062,28-11-2026,S5,468,40,5,82,Yes,Low,No
P2063,29-11-2026,S3,215,22,14,73,No,Low,No
P2064,30-11-2026,S19,169,94,10,99,Yes,High,No
P2065,01-12-2026,S1,251,57,13,63,Yes,Low,No
P2066,02-12-2026,S15,359,75,7,98,Yes,Medium,No
P2067,03-12-2026,S8,321,5,1,78,Yes,Medium,No
P2068,04-12-2026,S2,54,62,10,63,No,Low,No
P2069,05-12-2026,S3,455,94,1,89,Yes,High,No
P2070,06-12-2026,S14,431,91,1,78,Yes,Medium,No
P2071,07-12-2026,S14,90,94,6,90,No,Medium,No
P2072,08-12-2026,S11,277,113,2,90,No,High,No
P2073,09-12-2026,S16,100,10,1,68,Yes,Low,No
P2074,10-12-2026,S4,154,74,6,72,No,Medium,No
P2075,11-12-2026,S20,376,48,14,73,No,Low,No
P2076,12-12-2026,S5,348,76,2,69,No,Low,Yes
P2077,13-12-2026,S14,450,28,6,90,No,Low,No
P2078,14-12-2026,S16,363,90,10,96,Yes,Low,No
P2079,15-12-2026,S18,140,23,8,82,No,Medium,No
P2080,16-12-2026,S7,172,105,2,86,No,High,No
P2081,17-12-2026,S10,9,22,11,65,Yes,Medium,Yes
P2082,18-12-2026,S7,227,99,9,85,No,High,No
P2083,19-12-2026,S1,264,105,8,61,No,Low,Yes
P2084,20-12-2026,S19,437,34,12,72,No,High,No
P2085,21-12-2026,S16,247,46,10,78,No,Low,No
P2086,22-12-2026,S19,246,37,1,60,No,Medium,No
P2087,23-12-2026,S4,154,78,7,99,No,Medium,No
P2088,24-12-2026,S18,33,105,14,91,No,High,No
P2089,25-12-2026,S2,498,16,13,81,No,Low,No
P2090,26-12-2026,S1,128,98,10,88,No,Low,Yes
P2091,27-12-2026,S15,159,31,6,61,No,High,No
P2092,28-12-2026,S5,88,43,14,99,No,Low,No
P2093,29-12-2026,S20,92,13,6,97,No,Low,Yes
P2094,30-12-2026,S11,326,25,6,70,No,Low,No
P2095,31-12-2026,S10,240,80,6,76,No,Medium,No
P2096,01-01-2027,S2,322,33,10,67,No,Medium,Yes
P2097,02-01-2027,S3,467,37,7,81,Yes,Medium,No
P2098,03-01-2027,S12,403,111,12,63,No,Low,Yes
P2099,04-01-2027,S20,116,66,3,70,Yes,Medium,No
P2100,05-01-2027,S5,93,19,14,67,Yes,Low,No
P2101,06-01-2027,S5,162,6,6,68,Yes,Low,No
P2102,07-01-2027,S6,98,56,3,85,No,High,No
P2103,08-01-2027,S9,112,107,7,61,No,Low,Yes
P2104,09-01-2027,S2,358,48,7,75,No,Medium,No
P2105,10-01-2027,S12,90,58,8,90,No,Medium,No
P2106,11-01-2027,S3,345,22,2,65,No,Low,Yes
P2107,12-01-2027,S20,205,7,9,80,No,Medium,No
P2108,13-01-2027,S12,16,11,13,85,No,Low,Yes
P2109,14-01-2027,S17,273,47,5,78,No,High,No
P2110,15-01-2027,S10,172,86,9,87,No,Low,No
P2111,16-01-2027,S14,115,112,10,67,No,Low,Yes
P2112,17-01-2027,S17,348,42,5,73,No,High,No
P2113,18-01-2027,S18,467,41,7,83,No,Medium,No
P2114,19-01-2027,S19,180,62,11,96,No,High,No
P2115,20-01-2027,S17,90,37,9,85,Yes,High,No
P2116,21-01-2027,S14,81,112,4,90,Yes,Low,Yes
P2117,22-01-2027,S9,323,63,2,91,No,Low,No
P2118,23-01-2027,S8,448,99,9,61,Yes,High,No
P2119,24-01-2027,S2,113,15,13,84,No,Medium,Yes
P2120,25-01-2027,S13,256,72,2,61,Yes,High,No
P2121,26-01-2027,S7,57,86,3,60,No,Medium,No
P2122,27-01-2027,S9,153,72,10,95,Yes,High,Yes
P2123,28-01-2027,S11,364,117,2,71,No,High,No
P2124,29-01-2027,S14,403,102,3,68,No,Medium,No
P2125,30-01-2027,S4,115,97,6,95,Yes,High,Yes
P2126,31-01-2027,S13,342,92,3,87,No,Low,No
P2127,01-02-2027,S2,265,26,10,97,Yes,High,No
P2128,02-02-2027,S5,314,70,8,92,No,Low,Yes
P2129,03-02-2027,S11,202,48,11,81,No,Medium,No
P2130,04-02-2027,S6,40,10,6,84,Yes,Medium,No
P2131,05-02-2027,S18,104,46,7,77,No,Low,No
P2132,06-02-2027,S10,388,29,1,65,No,High,No
P2133,07-02-2027,S4,377,61,3,77,No,Low,No
P2134,08-02-2027,S9,192,89,3,75,No,Low,Yes
P2135,09-02-2027,S6,400,59,2,74,Yes,Medium,No
P2136,10-02-2027,S2,277,20,7,67,No,Low,Yes
P2137,11-02-2027,S17,353,99,9,72,Yes,High,No
P2138,12-02-2027,S5,236,18,4,66,Yes,Low,Yes
P2139,13-02-2027,S6,424,43,12,76,Yes,Medium,No
P2140,14-02-2027,S12,220,32,5,91,Yes,High,No
P2141,15-02-2027,S10,67,100,3,81,No,Medium,No
P2142,16-02-2027,S6,196,96,11,72,No,Low,No
P2143,17-02-2027,S8,255,55,9,82,No,Low,Yes
P2144,18-02-2027,S2,138,53,14,88,Yes,Medium,No
P2145,19-02-2027,S12,311,13,4,81,No,Medium,No
P2146,20-02-2027,S13,434,62,5,60,No,High,No
P2147,21-02-2027,S7,148,49,1,88,Yes,Medium,No
P2148,22-02-2027,S10,98,26,11,64,No,Medium,No
P2149,23-02-2027,S13,75,36,12,94,No,Low,Yes
P2150,24-02-2027,S17,281,73,13,69,No,Low,No
P2151,25-02-2027,S14,370,91,2,78,No,Medium,No
P2152,26-02-2027,S2,402,73,12,96,No,Medium,No
P2153,27-02-2027,S11,108,46,13,66,No,Low,No
P2154,28-02-2027,S1,187,57,9,94,Yes,High,No
P2155,01-03-2027,S19,198,100,2,72,No,High,No
P2156,02-03-2027,S4,302,63,5,69,Yes,High,Yes
P2157,03-03-2027,S19,326,78,13,61,No,High,Yes
P2158,04-03-2027,S11,153,43,8,65,No,Low,No
P2159,05-03-2027,S8,39,19,3,67,No,Medium,Yes
P2160,06-03-2027,S11,132,75,6,95,No,High,No
P2161,07-03-2027,S4,404,33,4,84,No,Low,Yes
P2162,08-03-2027,S17,461,115,11,99,No,Medium,Yes
P2163,09-03-2027,S7,131,7,7,66,No,High,No
P2164,10-03-2027,S8,278,87,10,82,No,Medium,No
P2165,11-03-2027,S3,361,14,14,78,No,High,No
P2166,12-03-2027,S2,83,96,13,81,Yes,Medium,No
P2167,13-03-2027,S15,398,33,3,72,No,High,No
P2168,14-03-2027,S5,241,83,6,80,No,High,No
P2169,15-03-2027,S1,115,39,12,60,Yes,Medium,No
P2170,16-03-2027,S4,108,10,10,78,No,Medium,No
P2171,17-03-2027,S15,220,16,9,92,No,Medium,No
P2172,18-03-2027,S20,391,115,11,63,No,Low,No
P2173,19-03-2027,S19,40,42,10,62,No,Low,Yes
P2174,20-03-2027,S3,367,81,1,86,No,Medium,Yes
P2175,21-03-2027,S20,146,97,3,94,No,Low,No
P2176,22-03-2027,S11,111,23,2,87,No,High,No
P2177,23-03-2027,S17,102,71,8,65,Yes,Medium,No
P2178,24-03-2027,S13,45,12,7,65,Yes,Low,No
P2179,25-03-2027,S11,411,12,2,82,No,Medium,No
P2180,26-03-2027,S2,493,88,6,92,No,High,No
P2181,27-03-2027,S9,474,51,3,75,Yes,High,No
P2182,28-03-2027,S2,323,8,8,83,No,Low,No
P2183,29-03-2027,S9,377,55,10,64,Yes,High,No
P2184,30-03-2027,S9,270,89,13,72,No,Medium,Yes
P2185,31-03-2027,S8,482,71,3,71,Yes,Low,No
P2186,01-04-2027,S17,420,49,10,64,Yes,Medium,No
P2187,02-04-2027,S1,384,12,14,96,Yes,Medium,No
P2188,03-04-2027,S11,194,91,9,90,No,Medium,No
P2189,04-04-2027,S8,366,20,1,87,No,High,No
P2190,05-04-2027,S10,279,81,5,87,Yes,Medium,Yes
P2191,06-04-2027,S7,282,71,3,89,No,High,No
P2192,07-04-2027,S3,39,116,6,77,Yes,Medium,No
P2193,08-04-2027,S3,446,13,10,86,No,High,Yes
P2194,09-04-2027,S18,188,64,2,94,No,High,No
P2195,10-04-2027,S5,163,82,9,85,No,High,No
P2196,11-04-2027,S12,481,81,6,98,No,Medium,No
P2197,12-04-2027,S12,476,75,7,77,Yes,Medium,No
P2198,13-04-2027,S19,23,19,5,92,No,High,Yes
P2199,14-04-2027,S6,23,75,9,84,No,Medium,No
P2200,15-04-2027,S2,489,106,1,90,No,High,No
P2201,16-04-2027,S12,3,102,5,96,Yes,Medium,No
P2202,17-04-2027,S19,322,45,11,61,No,High,No
P2203,18-04-2027,S5,289,26,10,92,No,High,No
P2204,19-04-2027,S12,440,28,11,98,No,Low,No
P2205,20-04-2027,S17,432,117,6,91,Yes,Medium,No
P2206,21-04-2027,S17,470,105,7,77,No,Medium,No
P2207,22-04-2027,S10,180,48,12,76,Yes,Low,No
P2208,23-04-2027,S17,247,5,4,93,No,High,No
P2209,24-04-2027,S15,115,14,12,98,Yes,High,No
P2210,25-04-2027,S12,278,111,13,66,No,Low,No
P2211,26-04-2027,S16,364,84,1,94,No,Low,No
P2212,27-04-2027,S19,68,114,11,89,Yes,High,Yes
P2213,28-04-2027,S8,350,76,8,71,Yes,Medium,No
P2214,29-04-2027,S17,253,60,10,94,Yes,Low,No
P2215,30-04-2027,S5,180,117,4,70,No,Low,No
P2216,01-05-2027,S16,317,93,3,63,No,Low,No
P2217,02-05-2027,S6,168,54,12,84,No,Low,No
P2218,03-05-2027,S8,312,16,7,91,Yes,Low,No
P2219,04-05-2027,S18,248,93,12,79,No,Low,Yes
P2220,05-05-2027,S12,187,85,2,90,No,High,No
P2221,06-05-2027,S15,53,64,8,63,No,High,No
P2222,07-05-2027,S9,325,30,14,97,No,Low,No
P2223,08-05-2027,S13,356,114,6,60,No,High,No
P2224,09-05-2027,S15,312,116,7,62,No,Medium,No
P2225,10-05-2027,S10,137,82,14,96,No,Medium,No
P2226,11-05-2027,S16,167,45,5,81,Yes,Low,Yes
P2227,12-05-2027,S7,390,40,9,76,Yes,Medium,No
P2228,13-05-2027,S17,102,27,5,73,No,Medium,No
P2229,14-05-2027,S7,421,47,11,94,No,High,No
P2230,15-05-2027,S14,84,10,5,72,Yes,High,Yes
P2231,16-05-2027,S15,316,115,3,94,Yes,High,No
P2232,17-05-2027,S7,211,73,11,61,No,High,No
P2233,18-05-2027,S9,2,47,1,72,No,Medium,Yes
P2234,19-05-2027,S19,383,29,2,75,Yes,Low,No
P2235,20-05-2027,S16,178,22,8,77,No,High,Yes
P2236,21-05-2027,S8,341,66,1,66,No,Medium,No
P2237,22-05-2027,S18,302,17,7,95,No,High,No
P2238,23-05-2027,S18,451,47,14,89,Yes,Medium,No
P2239,24-05-2027,S20,475,82,14,66,No,High,No
P2240,25-05-2027,S7,331,32,5,74,No,Low,No
P2241,26-05-2027,S3,37,22,3,99,Yes,High,No
P2242,27-05-2027,S18,498,63,12,78,No,Low,No
P2243,28-05-2027,S10,419,64,12,96,No,High,No
P2244,29-05-2027,S7,238,67,11,61,Yes,High,No
P2245,30-05-2027,S17,168,61,7,72,No,High,No
P2246,31-05-2027,S14,452,96,9,99,Yes,Medium,No
P2247,01-06-2027,S3,396,55,2,90,Yes,Medium,Yes
P2248,02-06-2027,S12,342,60,8,75,No,Low,Yes
P2249,03-06-2027,S13,313,31,9,65,Yes,Low,No
P2250,04-06-2027,S2,305,36,11,87,No,Medium,No
P2251,05-06-2027,S3,29,115,3,91,No,Low,No
P2252,06-06-2027,S5,189,13,2,69,Yes,Low,No
P2253,07-06-2027,S11,356,108,7,77,Yes,Medium,No
P2254,08-06-2027,S8,24,100,5,63,No,Medium,No
P2255,09-06-2027,S12,111,88,5,68,No,Medium,Yes
P2256,10-06-2027,S7,410,96,10,66,Yes,Medium,No
P2257,11-06-2027,S15,434,101,5,67,Yes,High,Yes
P2258,12-06-2027,S17,205,72,4,66,No,Medium,No
P2259,13-06-2027,S4,184,50,13,99,Yes,Low,No
P2260,14-06-2027,S13,381,102,5,62,No,High,No
P2261,15-06-2027,S18,495,116,13,76,No,High,No
P2262,16-06-2027,S1,378,71,4,61,No,Low,Yes
P2263,17-06-2027,S16,46,30,13,74,Yes,High,No
P2264,18-06-2027,S13,373,12,6,88,Yes,Low,No
P2265,19-06-2027,S10,227,10,4,81,No,High,No
P2266,20-06-2027,S12,38,84,2,63,Yes,High,No
P2267,21-06-2027,S2,15,28,9,65,Yes,Low,No
P2268,22-06-2027,S3,21,52,2,97,No,Low,No
P2269,23-06-2027,S10,212,107,9,85,Yes,Low,Yes
P2270,24-06-2027,S2,309,98,10,70,No,Low,Yes
P2271,25-06-2027,S13,148,49,6,85,No,Medium,Yes
P2272,26-06-2027,S13,455,17,9,76,No,Medium,No
P2273,27-06-2027,S18,240,73,9,83,No,Low,No
P2274,28-06-2027,S3,271,29,3,87,No,Medium,No
P2275,29-06-2027,S7,58,24,1,94,Yes,Low,No
P2276,30-06-2027,S14,286,86,1,90,No,Low,Yes
P2277,01-07-2027,S20,425,115,3,72,No,High,Yes
P2278,02-07-2027,S17,201,86,5,94,No,Low,No
P2279,03-07-2027,S12,31,70,13,75,Yes,Low,Yes
P2280,04-07-2027,S16,442,78,3,74,No,Low,No
P2281,05-07-2027,S12,161,49,12,77,No,Low,No
P2282,06-07-2027,S15,254,118,9,96,No,High,No
P2283,07-07-2027,S10,253,51,9,86,No,Low,No
P2284,08-07-2027,S7,8,67,3,94,No,High,No
P2285,09-07-2027,S20,464,80,3,94,No,Low,No
P2286,10-07-2027,S5,138,115,12,87,No,High,Yes
P2287,11-07-2027,S1,479,81,14,98,Yes,Medium,No
P2288,12-07-2027,S17,9,118,5,97,Yes,High,Yes
P2289,13-07-2027,S3,213,115,2,68,No,High,Yes
P2290,14-07-2027,S13,272,59,6,71,No,Low,No
P2291,15-07-2027,S14,323,79,7,74,No,High,No
P2292,16-07-2027,S18,47,23,13,80,Yes,High,Yes
P2293,17-07-2027,S4,435,39,9,94,Yes,Low,Yes
P2294,18-07-2027,S18,110,107,6,92,Yes,Medium,Yes
P2295,19-07-2027,S5,152,57,3,78,No,Medium,No
P2296,20-07-2027,S16,122,30,12,82,No,Medium,No
P2297,21-07-2027,S1,404,114,5,72,Yes,High,Yes
P2298,22-07-2027,S14,356,18,4,60,No,Low,No
P2299,23-07-2027,S15,101,49,5,88,No,Medium,No
P2300,24-07-2027,S9,240,48,8,83,Yes,Medium,No
P2301,25-07-2027,S15,320,92,8,75,No,Medium,No
P2302,26-07-2027,S17,190,109,6,84,No,Medium,No
P2303,27-07-2027,S4,216,69,1,82,Yes,Low,No
P2304,28-07-2027,S12,50,55,8,87,Yes,Medium,No
P2305,29-07-2027,S5,291,47,8,75,Yes,High,Yes
P2306,30-07-2027,S5,80,90,2,97,No,High,No
P2307,31-07-2027,S11,488,27,4,70,No,Low,No
P2308,01-08-2027,S6,382,60,12,62,No,Medium,Yes
P2309,02-08-2027,S7,87,23,2,74,Yes,Medium,No
P2310,03-08-2027,S14,193,86,4,60,No,High,Yes
P2311,04-08-2027,S11,103,80,12,66,No,Low,No
P2312,05-08-2027,S13,270,59,13,60,No,High,Yes
P2313,06-08-2027,S2,95,96,13,91,No,Low,No
P2314,07-08-2027,S7,422,96,10,68,No,Low,No
P2315,08-08-2027,S20,378,64,7,88,No,Low,No
P2316,09-08-2027,S4,197,63,9,85,No,High,No
P2317,10-08-2027,S8,0,37,14,82,No,Low,No
P2318,11-08-2027,S20,494,23,14,88,Yes,High,Yes
P2319,12-08-2027,S19,406,32,8,97,No,High,No
P2320,13-08-2027,S13,377,56,12,92,No,Medium,Yes
P2321,14-08-2027,S14,166,53,9,66,No,High,No
P2322,15-08-2027,S10,125,41,8,71,Yes,High,No
P2323,16-08-2027,S11,312,30,2,90,Yes,Medium,No
P2324,17-08-2027,S2,80,103,7,91,Yes,Medium,No
P2325,18-08-2027,S9,417,102,2,79,Yes,Medium,Yes
P2326,19-08-2027,S17,250,103,13,76,No,Low,No
P2327,20-08-2027,S3,168,44,12,95,No,Low,No
P2328,21-08-2027,S6,476,84,11,62,Yes,Medium,Yes
P2329,22-08-2027,S5,72,42,2,60,Yes,Low,No
P2330,23-08-2027,S5,140,81,4,86,No,Medium,No
P2331,24-08-2027,S15,69,91,1,99,Yes,Low,No
P2332,25-08-2027,S17,261,58,5,92,No,High,No
P2333,26-08-2027,S9,339,26,6,79,Yes,Low,Yes
P2334,27-08-2027,S3,307,20,9,73,Yes,Low,No
P2335,28-08-2027,S20,244,32,10,95,Yes,High,No
P2336,29-08-2027,S17,2,116,8,64,Yes,Medium,Yes
P2337,30-08-2027,S10,336,39,2,82,No,Low,No
P2338,31-08-2027,S3,62,64,1,74,Yes,Low,Yes
P2339,01-09-2027,S18,48,49,2,65,No,High,No
P2340,02-09-2027,S18,75,50,7,92,No,High,Yes
P2341,03-09-2027,S17,367,76,4,78,Yes,High,No
P2342,04-09-2027,S3,174,112,10,72,Yes,High,No
P2343,05-09-2027,S3,108,59,5,88,No,Medium,No
P2344,06-09-2027,S6,182,90,12,65,No,Low,Yes
P2345,07-09-2027,S13,191,89,7,74,No,Low,No
P2346,08-09-2027,S15,64,30,3,75,Yes,Low,No
P2347,09-09-2027,S9,336,108,10,83,Yes,Low,No
P2348,10-09-2027,S4,450,89,2,82,Yes,Medium,No
P2349,11-09-2027,S14,473,29,13,69,No,Low,No
P2350,12-09-2027,S5,270,109,7,76,No,Medium,No
P2351,13-09-2027,S2,99,69,5,89,No,Medium,Yes
P2352,14-09-2027,S11,31,10,14,69,No,High,No
P2353,15-09-2027,S9,351,27,1,78,Yes,High,Yes
P2354,16-09-2027,S3,127,119,1,88,No,Low,No
P2355,17-09-2027,S9,451,68,9,61,No,Medium,Yes
P2356,18-09-2027,S3,401,91,5,95,Yes,High,No
P2357,19-09-2027,S2,368,47,1,78,No,Medium,No
P2358,20-09-2027,S12,338,111,7,66,No,High,Yes
P2359,21-09-2027,S10,42,27,9,85,No,Medium,No
P2360,22-09-2027,S9,371,100,11,74,No,Low,No
P2361,23-09-2027,S15,418,34,1,97,Yes,Low,Yes
P2362,24-09-2027,S8,487,81,10,62,No,Medium,No
P2363,25-09-2027,S5,77,111,14,97,Yes,High,No
P2364,26-09-2027,S11,313,22,13,75,No,High,No
P2365,27-09-2027,S2,288,91,4,61,Yes,Low,No
P2366,28-09-2027,S15,269,83,14,90,No,Low,No
P2367,29-09-2027,S6,161,101,3,87,No,Low,No
P2368,30-09-2027,S8,188,25,5,66,No,High,No
P2369,01-10-2027,S5,246,61,7,89,Yes,High,No
P2370,02-10-2027,S16,387,107,8,66,Yes,Low,No
P2371,03-10-2027,S18,215,27,13,95,No,Medium,No
P2372,04-10-2027,S6,314,95,2,88,No,High,No
P2373,05-10-2027,S5,412,49,7,83,No,Low,No
P2374,06-10-2027,S16,338,48,14,98,Yes,Medium,Yes
P2375,07-10-2027,S13,389,86,14,63,No,High,Yes
P2376,08-10-2027,S5,376,92,1,88,No,Medium,No
P2377,09-10-2027,S13,480,119,7,64,No,Medium,Yes
P2378,10-10-2027,S17,432,51,8,88,No,High,No
P2379,11-10-2027,S18,167,44,2,89,No,Low,Yes
P2380,12-10-2027,S8,338,55,9,88,Yes,Medium,Yes
P2381,13-10-2027,S13,192,46,1,85,Yes,Low,Yes
P2382,14-10-2027,S19,452,11,13,78,No,High,No
P2383,15-10-2027,S3,282,54,6,85,Yes,Medium,Yes
P2384,16-10-2027,S8,335,52,1,96,No,Medium,No
P2385,17-10-2027,S2,389,88,3,86,No,Medium,No
P2386,18-10-2027,S8,487,95,11,89,No,Medium,No
P2387,19-10-2027,S13,12,10,6,89,No,Medium,No
P2388,20-10-2027,S13,239,95,3,62,Yes,High,No
P2389,21-10-2027,S1,319,13,8,66,Yes,Medium,No
P2390,22-10-2027,S6,445,113,5,68,No,High,No
P2391,23-10-2027,S19,482,61,2,72,Yes,Low,No
P2392,24-10-2027,S16,146,35,4,74,No,High,No
P2393,25-10-2027,S8,203,25,9,64,No,Medium,No
P2394,26-10-2027,S1,79,94,4,88,Yes,Low,No
P2395,27-10-2027,S16,378,44,10,94,Yes,High,No
P2396,28-10-2027,S9,42,116,10,86,No,High,No
P2397,29-10-2027,S13,457,49,8,86,No,High,Yes
P2398,30-10-2027,S11,88,81,5,67,Yes,Medium,No
P2399,31-10-2027,S13,147,53,11,91,No,Medium,No
P2400,01-11-2027,S10,94,91,11,79,No,High,No
P2401,02-11-2027,S4,451,24,10,69,No,High,No
P2402,03-11-2027,S6,427,105,13,72,Yes,Low,No
P2403,04-11-2027,S7,150,96,13,88,Yes,Medium,No
P2404,05-11-2027,S5,1,21,14,94,No,Medium,No
P2405,06-11-2027,S11,375,32,1,67,No,Low,No
P2406,07-11-2027,S13,21,45,7,88,No,High,No
P2407,08-11-2027,S19,370,70,3,90,No,High,No
P2408,09-11-2027,S10,312,29,10,89,No,Low,No
P2409,10-11-2027,S10,484,62,8,81,Yes,High,Yes
P2410,11-11-2027,S11,327,118,14,80,No,High,No
P2411,12-11-2027,S7,6,45,12,71,No,Low,No
P2412,13-11-2027,S18,205,10,3,70,No,Low,No
P2413,14-11-2027,S4,439,79,1,61,Yes,Low,No
P2414,15-11-2027,S2,374,42,5,61,No,High,Yes
P2415,16-11-2027,S14,450,10,2,93,Yes,Low,No
P2416,17-11-2027,S13,113,49,11,62,Yes,High,No
P2417,18-11-2027,S12,271,79,4,75,No,Medium,No
P2418,19-11-2027,S7,82,18,1,63,No,Medium,Yes
P2419,20-11-2027,S2,178,70,9,82,No,Low,Yes
P2420,21-11-2027,S13,209,44,6,79,No,High,Yes
P2421,22-11-2027,S14,499,7,8,84,Yes,High,No
P2422,23-11-2027,S17,463,103,11,89,Yes,High,No
P2423,24-11-2027,S9,327,101,4,77,Yes,Low,Yes
P2424,25-11-2027,S17,123,28,9,70,Yes,High,Yes
P2425,26-11-2027,S8,480,23,2,88,No,High,No
P2426,27-11-2027,S2,112,22,9,76,No,High,No
P2427,28-11-2027,S13,11,68,12,85,No,Medium,No
P2428,29-11-2027,S3,125,117,5,82,Yes,High,No
P2429,30-11-2027,S16,52,92,13,79,No,Medium,No
P2430,01-12-2027,S6,330,113,6,61,No,High,No
P2431,02-12-2027,S19,388,39,3,83,No,High,No
P2432,03-12-2027,S7,282,66,4,90,Yes,High,No
P2433,04-12-2027,S10,139,5,6,86,No,Medium,Yes
P2434,05-12-2027,S9,400,104,7,61,Yes,High,Yes
P2435,06-12-2027,S2,389,29,1,73,No,Low,Yes
P2436,07-12-2027,S15,96,49,7,63,No,High,No
P2437,08-12-2027,S5,4,53,1,72,Yes,Medium,Yes
P2438,09-12-2027,S4,56,111,5,95,No,Medium,Yes
P2439,10-12-2027,S20,411,102,6,94,Yes,Low,No
P2440,11-12-2027,S4,333,93,13,67,Yes,Low,No
P2441,12-12-2027,S18,68,20,2,61,Yes,Low,Yes
P2442,13-12-2027,S4,117,102,13,65,No,Medium,No
P2443,14-12-2027,S17,375,97,10,90,No,High,Yes
P2444,15-12-2027,S12,58,23,9,69,No,High,No
P2445,16-12-2027,S17,32,27,14,80,No,Low,No
P2446,17-12-2027,S10,317,87,10,69,No,Low,No
P2447,18-12-2027,S1,49,29,6,82,No,High,No
P2448,19-12-2027,S18,367,20,7,62,Yes,Low,No
P2449,20-12-2027,S18,488,58,14,91,Yes,High,Yes
P2450,21-12-2027,S14,18,119,10,79,Yes,High,No
P2451,22-12-2027,S15,213,77,8,69,No,High,Yes
P2452,23-12-2027,S12,196,5,11,88,Yes,High,No
P2453,24-12-2027,S4,378,46,13,93,Yes,Medium,No
P2454,25-12-2027,S3,449,23,10,96,Yes,High,No
P2455,26-12-2027,S20,477,101,1,79,No,Low,No
P2456,27-12-2027,S12,46,38,14,67,No,Low,No
P2457,28-12-2027,S7,166,84,8,66,No,Low,No
P2458,29-12-2027,S11,451,112,4,65,Yes,Low,No
P2459,30-12-2027,S1,288,108,10,70,Yes,Medium,Yes
P2460,31-12-2027,S6,140,59,8,77,No,High,No
P2461,01-01-2028,S15,83,22,13,88,No,High,Yes
P2462,02-01-2028,S15,181,38,6,84,Yes,Low,No
P2463,03-01-2028,S19,390,93,11,80,No,Low,No
P2464,04-01-2028,S11,78,49,9,62,No,Low,No
P2465,05-01-2028,S2,214,10,11,77,Yes,High,No
P2466,06-01-2028,S14,13,25,4,83,Yes,Medium,No
P2467,07-01-2028,S2,214,74,2,97,Yes,Medium,No
P2468,08-01-2028,S4,402,100,14,69,No,Medium,No
P2469,09-01-2028,S17,127,109,2,86,No,Medium,No
P2470,10-01-2028,S3,309,52,5,71,No,Low,No
P2471,11-01-2028,S13,476,111,10,66,No,High,No
P2472,12-01-2028,S9,247,43,9,76,No,Low,No
P2473,13-01-2028,S7,403,35,12,60,No,Medium,No
P2474,14-01-2028,S15,28,110,3,85,Yes,Low,No
P2475,15-01-2028,S11,279,14,8,74,Yes,Medium,No
P2476,16-01-2028,S20,337,34,4,92,Yes,High,No
P2477,17-01-2028,S2,318,22,6,96,No,Medium,No
P2478,18-01-2028,S15,201,64,10,90,Yes,Low,No
P2479,19-01-2028,S14,360,92,6,94,No,High,Yes
P2480,20-01-2028,S20,56,77,3,60,Yes,Medium,No
P2481,21-01-2028,S11,391,99,14,67,No,Medium,No
P2482,22-01-2028,S3,217,19,5,71,Yes,High,No
P2483,23-01-2028,S17,61,8,12,78,Yes,Low,Yes
P2484,24-01-2028,S12,156,67,3,84,No,High,No
P2485,25-01-2028,S15,201,44,11,91,No,Low,No
P2486,26-01-2028,S16,16,13,11,71,No,Medium,No
P2487,27-01-2028,S5,321,113,1,72,Yes,Medium,No
P2488,28-01-2028,S20,5,13,7,87,Yes,High,No
P2489,29-01-2028,S6,57,30,4,60,No,Medium,No
P2490,30-01-2028,S19,324,8,14,65,No,High,No
P2491,31-01-2028,S5,411,85,7,67,Yes,Medium,No
P2492,01-02-2028,S3,317,20,3,63,No,Medium,No
P2493,02-02-2028,S1,168,19,12,64,No,Low,Yes
P2494,03-02-2028,S6,452,103,11,84,No,High,No
P2495,04-02-2028,S15,81,56,5,81,No,High,No
P2496,05-02-2028,S2,473,73,5,87,Yes,Medium,No
P2497,06-02-2028,S3,467,9,13,98,No,Low,No
P2498,07-02-2028,S17,424,24,2,82,No,Low,No
P2499,08-02-2028,S12,432,83,11,63,No,High,Yes
P2500,09-02-2028,S18,218,22,10,63,Yes,High,Yes
P2501,10-02-2028,S15,176,115,12,80,Yes,Medium,No
P2502,11-02-2028,S12,203,6,2,96,No,High,No
P2503,12-02-2028,S16,70,97,4,61,Yes,Medium,No
P2504,13-02-2028,S8,386,17,4,66,No,Low,No
P2505,14-02-2028,S14,265,8,4,75,Yes,High,No
P2506,15-02-2028,S17,97,46,6,76,No,Low,No
P2507,16-02-2028,S8,344,113,2,79,Yes,Low,Yes
P2508,17-02-2028,S15,290,78,6,82,No,Medium,No
P2509,18-02-2028,S14,207,65,7,93,No,Low,No
P2510,19-02-2028,S18,1,99,11,70,No,Medium,Yes
P2511,20-02-2028,S20,123,109,10,93,No,Medium,No
P2512,21-02-2028,S7,279,12,3,92,Yes,Low,Yes
P2513,22-02-2028,S3,73,71,11,85,No,Low,No
P2514,23-02-2028,S12,165,116,12,61,No,Medium,No
P2515,24-02-2028,S3,21,67,8,82,No,Medium,No
P2516,25-02-2028,S20,153,114,2,81,No,Low,No
P2517,26-02-2028,S14,426,13,11,93,No,Medium,No
P2518,27-02-2028,S15,438,98,8,74,No,Medium,Yes
P2519,28-02-2028,S14,294,15,13,69,Yes,High,No
P2520,29-02-2028,S7,218,103,11,74,No,High,No
P2521,01-03-2028,S17,156,105,5,88,No,High,No
P2522,02-03-2028,S12,494,46,2,82,Yes,High,No
P2523,03-03-2028,S20,229,17,7,76,No,High,No
P2524,04-03-2028,S4,19,40,14,68,Yes,Medium,No
P2525,05-03-2028,S9,474,17,2,95,No,Medium,No
P2526,06-03-2028,S6,40,16,14,68,No,High,No
P2527,07-03-2028,S16,437,41,6,75,No,Low,No
P2528,08-03-2028,S2,147,78,10,95,No,High,Yes
P2529,09-03-2028,S8,107,77,3,92,No,Low,No
P2530,10-03-2028,S11,402,56,9,90,No,Medium,Yes
P2531,11-03-2028,S13,83,75,3,65,Yes,Low,No
P2532,12-03-2028,S17,482,6,11,69,No,Medium,No
P2533,13-03-2028,S8,366,60,12,75,No,Low,No
P2534,14-03-2028,S18,321,64,12,63,No,Medium,No
P2535,15-03-2028,S18,413,27,3,81,Yes,Medium,No
P2536,16-03-2028,S14,308,107,5,72,No,High,No
P2537,17-03-2028,S15,289,44,7,75,Yes,Medium,No
P2538,18-03-2028,S6,405,68,14,88,No,High,Yes
P2539,19-03-2028,S11,322,107,8,65,No,High,No
P2540,20-03-2028,S13,133,89,12,85,No,High,No
P2541,21-03-2028,S1,206,27,11,70,No,Low,No
P2542,22-03-2028,S6,282,33,7,83,No,Low,No
P2543,23-03-2028,S9,265,82,9,88,No,Medium,No
P2544,24-03-2028,S8,72,94,5,62,No,High,No
P2545,25-03-2028,S11,480,55,10,69,No,High,Yes
P2546,26-03-2028,S19,351,73,11,60,Yes,Medium,No
P2547,27-03-2028,S9,47,99,3,85,Yes,High,No
P2548,28-03-2028,S17,325,93,6,71,No,Medium,No
P2549,29-03-2028,S12,232,35,5,73,No,High,No
P2550,30-03-2028,S14,442,54,12,84,Yes,Low,Yes
P2551,31-03-2028,S15,99,24,4,67,No,Medium,No
P2552,01-04-2028,S16,58,112,12,63,Yes,Medium,No
P2553,02-04-2028,S20,257,59,2,87,Yes,Low,No
P2554,03-04-2028,S1,412,85,7,66,No,Medium,No
P2555,04-04-2028,S10,451,113,13,69,No,Low,No
P2556,05-04-2028,S8,64,6,5,95,No,High,Yes
P2557,06-04-2028,S18,82,29,4,61,No,Low,No
P2558,07-04-2028,S1,153,17,12,85,No,Low,No
P2559,08-04-2028,S2,472,107,14,73,No,Medium,Yes
P2560,09-04-2028,S1,265,96,8,75,Yes,High,No
P2561,10-04-2028,S1,308,110,9,76,No,Low,No
P2562,11-04-2028,S9,78,74,9,81,Yes,High,No
P2563,12-04-2028,S13,314,71,3,63,No,Low,No
P2564,13-04-2028,S1,149,62,3,78,Yes,Medium,No
P2565,14-04-2028,S13,434,103,5,61,No,Low,Yes
P2566,15-04-2028,S20,47,86,5,98,Yes,Low,No
P2567,16-04-2028,S7,404,79,10,68,No,High,No
P2568,17-04-2028,S2,378,88,2,78,Yes,Low,No
P2569,18-04-2028,S6,247,68,1,75,No,Medium,No
P2570,19-04-2028,S7,277,73,8,84,Yes,Medium,Yes
P2571,20-04-2028,S14,355,87,3,77,Yes,Low,No
P2572,21-04-2028,S18,97,90,1,82,Yes,Low,No
P2573,22-04-2028,S15,413,63,1,80,No,High,No
P2574,23-04-2028,S2,24,64,11,70,No,High,No
P2575,24-04-2028,S10,492,87,2,98,Yes,Medium,Yes
P2576,25-04-2028,S12,283,115,6,63,Yes,High,Yes
P2577,26-04-2028,S17,448,66,6,84,No,Low,Yes
P2578,27-04-2028,S8,368,20,14,91,Yes,Medium,No
P2579,28-04-2028,S11,300,92,3,89,Yes,High,Yes
P2580,29-04-2028,S3,67,109,12,85,Yes,Medium,Yes
P2581,30-04-2028,S6,6,72,4,95,Yes,Low,No
P2582,01-05-2028,S9,304,19,12,93,Yes,High,No
P2583,02-05-2028,S6,136,93,13,68,Yes,Low,No
P2584,03-05-2028,S9,163,112,2,71,No,Low,Yes
P2585,04-05-2028,S7,82,59,2,61,No,Medium,No
P2586,05-05-2028,S9,384,39,7,97,Yes,Medium,Yes
P2587,06-05-2028,S18,137,59,13,64,No,Medium,No
P2588,07-05-2028,S12,419,18,1,64,Yes,High,No
P2589,08-05-2028,S8,72,53,7,81,No,High,No
P2590,09-05-2028,S8,236,87,14,64,Yes,Medium,Yes
P2591,10-05-2028,S18,45,106,12,63,No,High,No
P2592,11-05-2028,S20,105,104,14,68,Yes,High,No
P2593,12-05-2028,S15,415,11,12,88,No,Medium,No
P2594,13-05-2028,S7,287,34,14,81,Yes,Low,No
P2595,14-05-2028,S11,261,87,1,86,No,High,No
P2596,15-05-2028,S20,175,53,14,69,No,High,No
P2597,16-05-2028,S16,165,93,6,75,No,Low,No
P2598,17-05-2028,S4,144,20,3,69,No,Low,No
P2599,18-05-2028,S6,329,115,8,65,No,Low,No
P2600,19-05-2028,S3,369,108,6,64,Yes,Medium,No
P2601,20-05-2028,S9,282,55,11,65,Yes,Low,Yes
P2602,21-05-2028,S10,53,76,2,84,No,Medium,No
P2603,22-05-2028,S14,177,86,8,63,Yes,Low,Yes
P2604,23-05-2028,S11,418,96,5,99,No,Low,No
P2605,24-05-2028,S18,243,84,8,91,Yes,Medium,No
P2606,25-05-2028,S12,340,87,8,94,No,Medium,No
P2607,26-05-2028,S12,126,46,6,69,No,Low,No
P2608,27-05-2028,S13,408,21,2,93,No,Low,No
P2609,28-05-2028,S13,411,67,8,95,No,Low,No
P2610,29-05-2028,S19,366,49,11,65,Yes,High,No
P2611,30-05-2028,S19,270,81,6,75,No,Low,No
P2612,31-05-2028,S14,131,11,6,78,Yes,Medium,Yes
P2613,01-06-2028,S4,92,31,8,93,No,High,No
P2614,02-06-2028,S13,378,14,1,84,No,Medium,No
P2615,03-06-2028,S8,72,38,2,90,No,High,No
P2616,04-06-2028,S19,410,40,12,76,No,High,No
P2617,05-06-2028,S12,409,29,12,89,Yes,Medium,No
P2618,06-06-2028,S18,402,10,9,98,No,High,No
P2619,07-06-2028,S6,247,28,11,90,No,Medium,No
P2620,08-06-2028,S18,347,22,12,78,No,Low,No
P2621,09-06-2028,S19,272,91,8,94,Yes,High,Yes
P2622,10-06-2028,S5,42,10,12,88,No,Medium,No
P2623,11-06-2028,S9,376,33,7,60,Yes,High,No
P2624,12-06-2028,S3,40,29,7,63,No,Medium,No
P2625,13-06-2028,S10,169,59,5,87,Yes,Low,No
P2626,14-06-2028,S19,433,85,2,77,No,Low,Yes
P2627,15-06-2028,S3,211,50,11,85,Yes,High,No
P2628,16-06-2028,S15,492,28,6,99,No,High,No
P2629,17-06-2028,S1,167,79,10,78,Yes,Medium,Yes
P2630,18-06-2028,S7,38,30,3,65,No,Medium,No
P2631,19-06-2028,S12,368,119,4,60,Yes,High,No
P2632,20-06-2028,S17,244,102,13,67,No,Medium,No
P2633,21-06-2028,S20,150,32,10,92,Yes,Medium,Yes
P2634,22-06-2028,S5,110,7,12,80,No,Medium,Yes
P2635,23-06-2028,S4,479,79,11,83,Yes,High,No
P2636,24-06-2028,S12,435,42,2,84,Yes,Low,No
P2637,25-06-2028,S20,46,65,14,78,No,Low,No
P2638,26-06-2028,S18,62,82,2,88,Yes,Medium,Yes
P2639,27-06-2028,S17,224,55,12,69,Yes,High,No
P2640,28-06-2028,S19,365,94,8,71,No,Medium,No
P2641,29-06-2028,S9,68,52,8,92,No,Low,Yes
P2642,30-06-2028,S4,298,25,10,66,No,Medium,No
P2643,01-07-2028,S2,431,58,6,76,Yes,Low,No
P2644,02-07-2028,S4,289,60,13,69,Yes,High,Yes
P2645,03-07-2028,S2,295,107,5,90,No,Medium,Yes
P2646,04-07-2028,S15,202,98,8,65,Yes,High,No
P2647,05-07-2028,S2,60,63,4,76,No,Medium,Yes
P2648,06-07-2028,S4,433,76,11,96,Yes,Medium,Yes
P2649,07-07-2028,S6,450,55,4,77,No,Medium,No
P2650,08-07-2028,S7,317,24,5,85,No,Medium,Yes
P2651,09-07-2028,S10,313,116,1,75,No,Medium,No
P2652,10-07-2028,S19,160,100,1,67,Yes,High,Yes
P2653,11-07-2028,S19,330,90,2,83,No,High,No
P2654,12-07-2028,S12,15,63,14,72,Yes,Low,No
P2655,13-07-2028,S3,337,75,8,88,No,Medium,No
P2656,14-07-2028,S13,93,13,7,91,No,Low,No
P2657,15-07-2028,S18,303,113,10,83,Yes,High,Yes
P2658,16-07-2028,S8,137,5,9,75,No,Low,No
P2659,17-07-2028,S15,337,33,5,70,No,High,Yes
P2660,18-07-2028,S1,37,67,2,91,Yes,Medium,Yes
P2661,19-07-2028,S3,126,76,7,65,No,Low,No
P2662,20-07-2028,S8,274,60,8,94,Yes,Low,No
P2663,21-07-2028,S4,163,72,12,92,No,Low,No
P2664,22-07-2028,S16,442,39,7,77,No,Low,Yes
P2665,23-07-2028,S10,318,7,14,96,No,Medium,No
P2666,24-07-2028,S12,76,113,7,72,Yes,High,Yes
P2667,25-07-2028,S14,173,108,12,69,No,High,No
P2668,26-07-2028,S14,386,11,14,96,No,Medium,No
P2669,27-07-2028,S2,457,31,5,85,No,High,No
P2670,28-07-2028,S5,357,5,2,76,No,Low,No
P2671,29-07-2028,S5,320,95,6,60,No,Medium,No
P2672,30-07-2028,S6,375,84,4,84,No,High,No
P2673,31-07-2028,S13,90,106,10,93,No,Medium,No
P2674,01-08-2028,S9,237,75,2,98,Yes,Medium,No
P2675,02-08-2028,S15,263,48,12,69,No,High,No
P2676,03-08-2028,S14,178,91,9,79,Yes,High,No
P2677,04-08-2028,S7,493,45,7,66,Yes,Medium,No
P2678,05-08-2028,S20,489,79,6,75,No,Medium,Yes
P2679,06-08-2028,S2,208,46,12,96,No,High,No
P2680,07-08-2028,S7,72,37,5,88,No,Medium,No
P2681,08-08-2028,S6,389,54,3,71,No,High,No
P2682,09-08-2028,S17,106,67,12,76,No,Medium,Yes
P2683,10-08-2028,S2,344,104,10,79,No,Medium,Yes
P2684,11-08-2028,S3,294,41,10,85,No,Medium,No
P2685,12-08-2028,S5,368,109,4,78,Yes,High,No
P2686,13-08-2028,S5,443,63,3,71,Yes,Low,No
P2687,14-08-2028,S1,283,85,12,80,Yes,High,Yes
P2688,15-08-2028,S8,352,103,11,93,No,Medium,No
P2689,16-08-2028,S12,181,52,8,66,No,Low,Yes
P2690,17-08-2028,S4,36,9,3,94,Yes,Low,Yes
P2691,18-08-2028,S13,136,52,7,74,No,Medium,Yes
P2692,19-08-2028,S15,337,100,7,60,Yes,High,No
P2693,20-08-2028,S11,55,7,7,85,Yes,Low,No
P2694,21-08-2028,S10,186,51,13,94,No,Low,No
P2695,22-08-2028,S3,340,66,7,84,No,High,No
P2696,23-08-2028,S14,257,103,14,74,Yes,High,No
P2697,24-08-2028,S16,444,18,2,81,No,Low,No
P2698,25-08-2028,S10,57,67,10,65,No,High,No
P2699,26-08-2028,S10,362,116,3,74,No,Low,No
P2700,27-08-2028,S12,122,65,10,83,Yes,Medium,No
P2701,28-08-2028,S9,187,35,9,80,No,High,No
P2702,29-08-2028,S1,229,99,3,66,Yes,Low,No
P2703,30-08-2028,S5,167,21,2,88,No,High,No
P2704,31-08-2028,S20,419,28,9,91,No,High,No
P2705,01-09-2028,S8,113,27,13,91,No,Low,Yes
P2706,02-09-2028,S11,251,86,10,64,Yes,Medium,No
P2707,03-09-2028,S12,106,54,9,63,Yes,Low,No
P2708,04-09-2028,S1,36,82,4,81,Yes,High,Yes
P2709,05-09-2028,S20,334,118,14,77,No,Low,No
P2710,06-09-2028,S11,91,83,12,94,Yes,High,No
P2711,07-09-2028,S5,17,83,9,76,Yes,Low,No
P2712,08-09-2028,S15,353,74,3,83,No,Medium,No
P2713,09-09-2028,S5,62,31,7,61,No,Medium,No
P2714,10-09-2028,S12,149,19,7,72,No,Medium,Yes
P2715,11-09-2028,S5,138,54,11,74,Yes,Medium,No
P2716,12-09-2028,S17,185,40,8,64,No,Low,Yes
P2717,13-09-2028,S17,184,12,10,62,No,Medium,Yes
P2718,14-09-2028,S12,204,83,4,96,No,Low,Yes
P2719,15-09-2028,S15,259,7,3,96,Yes,High,Yes
P2720,16-09-2028,S15,213,66,3,96,No,High,No
P2721,17-09-2028,S6,255,51,12,62,No,High,No
P2722,18-09-2028,S12,134,81,5,94,No,Medium,No
P2723,19-09-2028,S20,60,109,11,82,No,Medium,No
P2724,20-09-2028,S18,362,102,14,87,Yes,Medium,No
P2725,21-09-2028,S14,309,92,1,89,Yes,High,No
P2726,22-09-2028,S2,87,108,10,77,No,High,No
P2727,23-09-2028,S9,323,100,3,95,No,High,No
P2728,24-09-2028,S5,475,65,14,92,No,High,No
P2729,25-09-2028,S20,206,36,6,85,No,Low,Yes
P2730,26-09-2028,S1,128,98,3,99,No,Low,No
P2731,27-09-2028,S3,310,117,5,76,No,Medium,No
P2732,28-09-2028,S6,2,17,9,99,Yes,Medium,No
P2733,29-09-2028,S5,461,5,2,66,No,High,No
P2734,30-09-2028,S5,421,38,11,67,Yes,Low,Yes
P2735,01-10-2028,S1,241,66,2,90,Yes,Low,Yes
P2736,02-10-2028,S17,120,83,12,71,No,Medium,No
P2737,03-10-2028,S19,384,112,6,90,No,Low,No
P2738,04-10-2028,S14,101,82,6,78,No,Medium,No
P2739,05-10-2028,S12,37,97,11,69,No,High,No
P2740,06-10-2028,S10,340,102,11,98,No,High,Yes
P2741,07-10-2028,S20,495,86,8,71,Yes,Medium,No
P2742,08-10-2028,S18,412,75,12,79,No,High,No
P2743,09-10-2028,S11,132,97,13,96,No,High,No
P2744,10-10-2028,S2,496,35,11,66,No,Low,Yes
P2745,11-10-2028,S18,201,68,14,73,Yes,Low,No
P2746,12-10-2028,S7,347,29,2,70,Yes,Low,No
P2747,13-10-2028,S15,20,42,9,66,No,Low,Yes
P2748,14-10-2028,S11,241,18,2,88,No,Low,No
P2749,15-10-2028,S18,454,12,13,69,No,Medium,No
P2750,16-10-2028,S12,450,95,1,88,No,Medium,No
P2751,17-10-2028,S6,108,58,10,68,No,Low,No
P2752,18-10-2028,S20,302,6,2,95,No,High,No
P2753,19-10-2028,S13,83,85,12,69,No,High,No
P2754,20-10-2028,S20,82,105,7,78,No,Medium,No
P2755,21-10-2028,S16,290,82,8,90,Yes,Medium,No
P2756,22-10-2028,S18,451,93,5,76,No,Medium,Yes
P2757,23-10-2028,S10,68,60,6,68,No,High,No
P2758,24-10-2028,S8,128,98,12,92,No,Medium,No
P2759,25-10-2028,S18,195,97,1,93,Yes,High,Yes
P2760,26-10-2028,S1,139,88,6,83,No,Medium,No
P2761,27-10-2028,S8,443,89,12,68,No,High,No
P2762,28-10-2028,S6,282,65,8,66,No,Medium,No
P2763,29-10-2028,S5,311,26,13,75,Yes,Medium,No
P2764,30-10-2028,S15,233,39,3,78,No,High,No
P2765,31-10-2028,S15,22,105,11,98,No,Medium,No
P2766,01-11-2028,S2,152,20,1,65,No,Low,No
P2767,02-11-2028,S1,276,54,11,70,Yes,High,Yes
P2768,03-11-2028,S11,60,117,4,71,No,Medium,Yes
P2769,04-11-2028,S10,318,47,1,72,Yes,High,Yes
P2770,05-11-2028,S18,377,21,14,71,Yes,Medium,No
P2771,06-11-2028,S18,51,84,8,80,No,Low,No
P2772,07-11-2028,S17,343,62,5,69,No,Medium,No
P2773,08-11-2028,S8,152,6,1,79,No,Medium,No
P2774,09-11-2028,S15,236,8,14,95,No,Low,No
P2775,10-11-2028,S8,310,89,8,87,Yes,High,No
P2776,11-11-2028,S17,301,43,9,83,No,Medium,No
P2777,12-11-2028,S12,31,102,10,64,Yes,Medium,No
P2778,13-11-2028,S8,54,98,2,96,No,Low,No
P2779,14-11-2028,S14,351,10,9,71,No,High,No
P2780,15-11-2028,S4,388,85,8,94,No,High,No
P2781,16-11-2028,S1,35,107,7,99,No,Low,No
P2782,17-11-2028,S1,109,93,3,61,No,Low,Yes
P2783,18-11-2028,S19,489,73,2,98,No,Medium,Yes
P2784,19-11-2028,S16,176,73,7,68,Yes,Low,No
P2785,20-11-2028,S14,361,24,5,81,Yes,Low,No
P2786,21-11-2028,S16,313,68,6,64,No,Low,No
P2787,22-11-2028,S5,294,20,4,71,No,High,No
P2788,23-11-2028,S9,335,55,2,60,Yes,Low,No
P2789,24-11-2028,S2,96,109,9,81,Yes,Medium,No
P2790,25-11-2028,S18,368,41,3,97,No,Medium,No
P2791,26-11-2028,S6,212,108,12,78,No,Medium,No
P2792,27-11-2028,S9,316,77,14,75,Yes,Low,No
P2793,28-11-2028,S1,136,73,7,90,Yes,High,Yes
P2794,29-11-2028,S9,5,46,14,62,No,Low,No
P2795,30-11-2028,S16,498,61,8,82,No,Low,No
P2796,01-12-2028,S13,108,70,2,77,Yes,Medium,Yes
P2797,02-12-2028,S9,34,13,14,85,Yes,Low,No
P2798,03-12-2028,S13,38,111,6,72,No,High,No
P2799,04-12-2028,S9,149,104,11,77,No,Medium,Yes
P2800,05-12-2028,S11,424,90,8,62,No,High,Yes
P2801,06-12-2028,S4,117,68,7,82,No,High,No
P2802,07-12-2028,S2,260,90,11,62,Yes,High,No
P2803,08-12-2028,S6,425,26,3,84,No,Low,No
P2804,09-12-2028,S14,86,38,1,86,No,Low,Yes
P2805,10-12-2028,S4,464,59,14,86,Yes,Low,No
P2806,11-12-2028,S6,75,33,6,98,No,Low,No
P2807,12-12-2028,S19,470,42,8,84,No,Medium,No
P2808,13-12-2028,S6,463,114,6,83,Yes,Low,No
P2809,14-12-2028,S2,450,101,5,67,Yes,Medium,Yes
P2810,15-12-2028,S18,413,22,11,68,Yes,High,No
P2811,16-12-2028,S13,312,75,12,96,Yes,Medium,Yes
P2812,17-12-2028,S9,382,69,8,89,No,Low,No
P2813,18-12-2028,S19,213,101,2,78,No,Medium,No
P2814,19-12-2028,S13,456,5,12,75,No,Low,No
P2815,20-12-2028,S11,284,92,1,83,Yes,Low,No
P2816,21-12-2028,S1,238,8,1,80,No,Medium,No
P2817,22-12-2028,S7,164,8,14,95,No,Medium,No
P2818,23-12-2028,S15,86,86,4,99,No,High,No
P2819,24-12-2028,S1,140,31,6,98,Yes,High,No
P2820,25-12-2028,S12,159,47,13,65,Yes,High,No
P2821,26-12-2028,S7,45,63,9,64,Yes,High,Yes
P2822,27-12-2028,S15,371,36,1,73,No,High,Yes
P2823,28-12-2028,S19,494,37,12,63,No,Medium,No
P2824,29-12-2028,S1,111,32,1,67,No,High,Yes
P2825,30-12-2028,S17,406,110,13,83,No,Medium,No
P2826,31-12-2028,S17,44,109,13,70,No,High,Yes
P2827,01-01-2029,S3,400,59,5,76,No,Low,No
P2828,02-01-2029,S12,246,104,10,80,No,High,No
P2829,03-01-2029,S6,103,64,5,85,No,Low,Yes
P2830,04-01-2029,S11,84,74,5,86,Yes,Medium,No
P2831,05-01-2029,S3,449,66,10,75,No,High,No
P2832,06-01-2029,S8,484,84,6,85,Yes,Medium,No
P2833,07-01-2029,S14,133,38,8,92,Yes,High,No
P2834,08-01-2029,S14,107,91,3,90,No,Medium,No
P2835,09-01-2029,S10,17,118,9,65,No,High,Yes
P2836,10-01-2029,S2,93,110,13,67,Yes,High,Yes
P2837,11-01-2029,S14,149,92,1,66,No,Low,Yes
P2838,12-01-2029,S9,245,60,4,93,No,Medium,No
P2839,13-01-2029,S3,288,117,9,73,No,Medium,No
P2840,14-01-2029,S8,413,17,14,75,No,Medium,Yes
P2841,15-01-2029,S16,208,60,8,68,No,Medium,No
P2842,16-01-2029,S2,125,22,10,69,No,Medium,No
P2843,17-01-2029,S6,234,58,9,76,No,Low,No
P2844,18-01-2029,S12,415,81,1,71,No,High,No
P2845,19-01-2029,S5,425,117,9,65,Yes,Low,No
P2846,20-01-2029,S2,498,105,3,78,No,Medium,No
P2847,21-01-2029,S16,461,47,11,88,Yes,Medium,No
P2848,22-01-2029,S5,121,43,12,65,No,High,No
P2849,23-01-2029,S15,137,65,10,84,Yes,Low,No
P2850,24-01-2029,S12,494,46,9,83,No,High,No
P2851,25-01-2029,S4,114,85,1,84,No,High,No
P2852,26-01-2029,S15,419,83,1,75,Yes,Low,No
P2853,27-01-2029,S11,161,22,9,75,No,High,No
P2854,28-01-2029,S16,200,27,11,65,Yes,Low,No
P2855,29-01-2029,S6,233,58,14,96,No,Low,No
P2856,30-01-2029,S14,27,119,6,80,No,Medium,No
P2857,31-01-2029,S18,10,34,4,63,Yes,High,No
P2858,01-02-2029,S12,205,102,7,93,No,Medium,No
P2859,02-02-2029,S11,166,62,5,87,Yes,High,No
P2860,03-02-2029,S13,246,72,10,97,No,High,No
P2861,04-02-2029,S11,46,71,14,87,No,Medium,No
P2862,05-02-2029,S16,245,75,7,76,Yes,Medium,No
P2863,06-02-2029,S15,126,22,8,73,No,Medium,No
P2864,07-02-2029,S15,146,110,8,66,No,Low,No
P2865,08-02-2029,S4,117,11,1,81,No,High,Yes
P2866,09-02-2029,S11,398,44,8,60,Yes,Low,No
P2867,10-02-2029,S19,381,74,6,88,No,High,Yes
P2868,11-02-2029,S15,411,90,4,90,Yes,High,No
P2869,12-02-2029,S4,151,69,13,89,No,Low,No
P2870,13-02-2029,S13,71,72,14,74,Yes,Low,No
P2871,14-02-2029,S19,362,114,12,77,No,High,Yes
P2872,15-02-2029,S2,136,53,8,94,Yes,Medium,No
P2873,16-02-2029,S14,174,56,3,89,No,Medium,No
P2874,17-02-2029,S4,288,118,13,93,No,Medium,Yes
P2875,18-02-2029,S16,445,111,4,70,No,Medium,No
P2876,19-02-2029,S20,480,33,6,86,No,High,Yes
P2877,20-02-2029,S14,18,25,11,83,No,Medium,No
P2878,21-02-2029,S15,194,94,7,94,No,Medium,No
P2879,22-02-2029,S3,329,82,4,98,No,Medium,No
P2880,23-02-2029,S8,423,13,4,67,No,High,No
P2881,24-02-2029,S16,174,51,7,77,No,Low,No
P2882,25-02-2029,S10,489,80,6,72,No,Medium,No
P2883,26-02-2029,S4,448,46,13,83,Yes,High,No
P2884,27-02-2029,S18,412,55,11,82,No,High,Yes
P2885,28-02-2029,S2,433,60,8,71,Yes,Medium,No
P2886,01-03-2029,S17,353,55,1,89,No,Low,No
P2887,02-03-2029,S13,498,74,10,90,No,Low,Yes
P2888,03-03-2029,S4,140,24,13,87,No,Low,Yes
P2889,04-03-2029,S11,245,92,11,81,Yes,High,Yes
P2890,05-03-2029,S7,384,31,7,87,Yes,Medium,No
P2891,06-03-2029,S12,417,42,12,72,No,Medium,No
P2892,07-03-2029,S10,92,76,7,84,No,High,No
P2893,08-03-2029,S7,431,69,11,66,No,Medium,No
P2894,09-03-2029,S13,238,58,7,65,No,Medium,No
P2895,10-03-2029,S7,204,117,7,83,No,Low,No
P2896,11-03-2029,S17,47,117,10,78,Yes,Medium,No
P2897,12-03-2029,S10,432,28,14,78,No,Medium,No
P2898,13-03-2029,S10,244,51,10,95,Yes,High,No
P2899,14-03-2029,S4,319,75,8,68,No,High,No
P2900,15-03-2029,S20,316,87,9,95,Yes,Low,Yes
P2901,16-03-2029,S4,412,90,9,97,No,High,No
P2902,17-03-2029,S7,294,67,2,99,Yes,Low,No
P2903,18-03-2029,S1,127,61,13,88,No,Low,No
P2904,19-03-2029,S12,343,59,13,83,Yes,Medium,No
P2905,20-03-2029,S13,281,64,7,64,No,Low,No
P2906,21-03-2029,S10,16,103,7,85,No,Medium,No
P2907,22-03-2029,S15,70,66,4,73,Yes,Low,No
P2908,23-03-2029,S13,268,34,9,98,No,High,No
P2909,24-03-2029,S9,324,97,8,88,No,High,No
P2910,25-03-2029,S9,281,26,12,65,Yes,High,No
P2911,26-03-2029,S15,304,79,1,66,Yes,Low,No
P2912,27-03-2029,S10,450,88,2,96,No,Low,No
P2913,28-03-2029,S10,6,33,13,77,Yes,Medium,Yes
P2914,29-03-2029,S8,313,119,13,82,Yes,Medium,Yes
P2915,30-03-2029,S16,304,45,2,97,Yes,Medium,No
P2916,31-03-2029,S17,102,46,12,60,No,Medium,Yes
P2917,01-04-2029,S5,308,102,12,63,No,Low,No
P2918,02-04-2029,S4,192,69,11,94,Yes,Low,No
P2919,03-04-2029,S18,240,35,8,82,No,Medium,No
P2920,04-04-2029,S19,61,34,1,86,No,Low,Yes
P2921,05-04-2029,S4,16,116,4,85,Yes,Low,No
P2922,06-04-2029,S7,170,22,10,67,Yes,Low,No
P2923,07-04-2029,S10,24,21,12,75,No,Low,No
P2924,08-04-2029,S18,250,42,5,62,No,Medium,No
P2925,09-04-2029,S19,252,18,9,91,Yes,Medium,No
P2926,10-04-2029,S4,386,91,7,64,No,Low,No
P2927,11-04-2029,S10,206,93,8,79,No,High,No
P2928,12-04-2029,S1,28,83,14,73,Yes,Medium,No
P2929,13-04-2029,S18,116,114,11,91,No,Medium,No
P2930,14-04-2029,S5,490,60,9,85,No,High,Yes
P2931,15-04-2029,S15,415,26,13,65,No,Medium,No
P2932,16-04-2029,S17,281,71,7,95,No,High,Yes
P2933,17-04-2029,S3,379,60,5,99,Yes,High,No
P2934,18-04-2029,S12,143,23,13,64,No,Low,No
P2935,19-04-2029,S2,24,61,5,72,No,Medium,Yes
P2936,20-04-2029,S1,309,48,10,91,No,High,No
P2937,21-04-2029,S17,155,102,11,75,Yes,Low,No
P2938,22-04-2029,S16,72,39,6,60,No,Medium,No
P2939,23-04-2029,S5,119,118,5,72,Yes,Low,Yes
P2940,24-04-2029,S15,311,5,13,70,Yes,Low,No
P2941,25-04-2029,S3,320,56,12,67,Yes,High,Yes
P2942,26-04-2029,S7,92,89,11,84,No,Medium,No
P2943,27-04-2029,S11,85,97,9,99,Yes,Low,No
P2944,28-04-2029,S10,335,74,3,91,No,High,Yes
P2945,29-04-2029,S9,424,41,3,83,Yes,High,Yes
P2946,30-04-2029,S14,498,69,7,87,Yes,Low,No
P2947,01-05-2029,S13,363,55,7,73,Yes,Low,No
P2948,02-05-2029,S2,434,5,6,62,Yes,High,No
P2949,03-05-2029,S3,117,95,3,95,No,Low,Yes
P2950,04-05-2029,S7,232,25,14,86,No,Low,No
P2951,05-05-2029,S18,198,57,13,79,No,Medium,Yes
P2952,06-05-2029,S3,205,20,7,74,No,High,No
P2953,07-05-2029,S10,412,112,5,86,No,Low,No
P2954,08-05-2029,S7,338,65,7,87,No,High,No
P2955,09-05-2029,S9,146,58,2,84,Yes,Medium,Yes
P2956,10-05-2029,S17,449,44,6,92,No,High,No
P2957,11-05-2029,S11,424,30,14,73,No,High,No
P2958,12-05-2029,S7,428,84,8,67,Yes,High,No
P2959,13-05-2029,S14,270,96,1,73,Yes,Medium,No
P2960,14-05-2029,S19,386,69,4,60,Yes,Medium,No
P2961,15-05-2029,S4,138,104,11,75,No,High,No
P2962,16-05-2029,S6,180,78,1,77,No,High,Yes
P2963,17-05-2029,S10,429,68,14,66,No,Medium,No
P2964,18-05-2029,S7,29,47,1,74,No,Low,Yes
P2965,19-05-2029,S13,56,21,10,83,No,Medium,No
P2966,20-05-2029,S14,231,63,12,72,No,High,No
P2967,21-05-2029,S4,145,27,14,68,Yes,Low,No
P2968,22-05-2029,S8,434,11,14,74,No,Low,No
P2969,23-05-2029,S5,383,48,11,94,No,Low,No
P2970,24-05-2029,S1,47,57,8,83,No,Medium,Yes
P2971,25-05-2029,S4,193,75,7,92,No,Medium,No
P2972,26-05-2029,S3,223,112,12,75,No,Medium,No
P2973,27-05-2029,S9,135,83,10,67,Yes,Medium,No
P2974,28-05-2029,S8,21,38,13,88,No,High,Yes
P2975,29-05-2029,S1,5,50,1,82,No,Low,No
P2976,30-05-2029,S6,203,113,11,90,No,High,No
P2977,31-05-2029,S9,238,72,14,99,Yes,Medium,No
P2978,01-06-2029,S7,184,82,13,73,Yes,Medium,No
P2979,02-06-2029,S4,359,82,2,89,No,High,Yes
P2980,03-06-2029,S13,291,20,4,98,Yes,Low,No
P2981,04-06-2029,S17,334,75,1,86,Yes,Low,No
P2982,05-06-2029,S2,219,100,3,75,No,Medium,Yes
P2983,06-06-2029,S5,115,23,8,65,No,Medium,Yes
P2984,07-06-2029,S12,312,6,8,92,Yes,Medium,No
P2985,08-06-2029,S8,48,14,8,77,No,Medium,No
P2986,09-06-2029,S6,172,54,6,75,No,Low,No
P2987,10-06-2029,S8,81,85,6,71,Yes,High,No
P2988,11-06-2029,S18,321,105,5,79,No,Low,Yes
P2989,12-06-2029,S3,332,16,13,99,No,High,No
P2990,13-06-2029,S12,44,74,9,88,No,Medium,No
P2991,14-06-2029,S3,334,26,4,89,No,Medium,No
P2992,15-06-2029,S6,19,36,10,85,No,High,No
P2993,16-06-2029,S2,447,109,12,81,No,Medium,No
P2994,17-06-2029,S12,220,88,12,92,Yes,Low,No
P2995,18-06-2029,S2,122,5,12,98,No,Medium,No
P2996,19-06-2029,S6,233,58,7,88,No,Medium,No
P2997,20-06-2029,S17,220,115,1,81,No,Medium,No
P2998,21-06-2029,S3,322,62,9,72,No,Medium,No
P2999,22-06-2029,S2,338,74,7,68,Yes,Low,No
P3000,23-06-2029,S20,2,87,10,83,No,High,No
P3001,24-06-2029,S8,181,22,12,74,No,Medium,No
P3002,25-06-2029,S12,205,10,9,95,No,Medium,No
P3003,26-06-2029,S4,319,49,7,72,Yes,Low,Yes
P3004,27-06-2029,S5,39,101,2,86,No,Low,No
P3005,28-06-2029,S13,58,27,6,96,No,Low,Yes
P3006,29-06-2029,S15,438,27,10,66,No,Medium,No
P3007,30-06-2029,S16,61,30,12,67,No,High,No
P3008,01-07-2029,S10,131,81,11,96,No,Low,No
P3009,02-07-2029,S16,59,11,4,73,No,Low,Yes
P3010,03-07-2029,S12,371,83,3,71,No,Low,Yes
P3011,04-07-2029,S17,330,48,2,95,No,High,No
P3012,05-07-2029,S16,121,31,6,99,No,Medium,No
P3013,06-07-2029,S12,478,30,8,76,No,Medium,No
P3014,07-07-2029,S8,106,101,6,99,No,Medium,Yes
P3015,08-07-2029,S20,95,83,9,88,No,Low,No
P3016,09-07-2029,S3,346,40,14,86,Yes,Medium,No
P3017,10-07-2029,S16,413,113,5,60,No,Low,No
P3018,11-07-2029,S13,234,59,2,93,No,High,No
P3019,12-07-2029,S19,385,68,8,63,No,High,No
P3020,13-07-2029,S8,61,95,9,83,Yes,Medium,No
P3021,14-07-2029,S5,255,61,14,80,Yes,Low,No
P3022,15-07-2029,S20,48,73,10,92,Yes,Low,No
P3023,16-07-2029,S8,392,65,4,66,Yes,Medium,No
P3024,17-07-2029,S12,347,6,6,60,No,High,No
P3025,18-07-2029,S1,158,59,11,62,Yes,High,No
P3026,19-07-2029,S20,123,101,10,74,Yes,High,No
P3027,20-07-2029,S6,481,84,8,90,Yes,High,No
P3028,21-07-2029,S18,316,91,9,75,No,High,Yes
P3029,22-07-2029,S8,206,42,12,69,No,Medium,No
P3030,23-07-2029,S7,47,84,5,88,Yes,Medium,No
P3031,24-07-2029,S1,408,82,12,65,No,Medium,No
P3032,25-07-2029,S16,419,33,6,88,No,High,Yes
P3033,26-07-2029,S12,135,30,11,76,Yes,High,No
P3034,27-07-2029,S6,200,39,4,81,No,Medium,No
P3035,28-07-2029,S20,249,83,5,83,Yes,Medium,No
P3036,29-07-2029,S2,313,71,7,76,No,High,Yes
P3037,30-07-2029,S14,356,91,9,80,Yes,Low,No
P3038,31-07-2029,S4,367,33,10,70,No,Medium,Yes
P3039,01-08-2029,S1,428,38,11,66,Yes,High,No
P3040,02-08-2029,S18,317,101,13,98,No,High,No
P3041,03-08-2029,S13,294,45,6,64,No,Medium,Yes
P3042,04-08-2029,S2,479,45,14,80,Yes,Low,No
P3043,05-08-2029,S9,313,27,6,77,No,High,No
P3044,06-08-2029,S2,499,75,8,94,No,Medium,No
P3045,07-08-2029,S9,208,7,11,79,No,High,No
P3046,08-08-2029,S1,354,62,4,74,Yes,High,No
P3047,09-08-2029,S11,484,36,3,64,Yes,High,No
P3048,10-08-2029,S3,210,35,14,72,No,High,No
P3049,11-08-2029,S20,191,86,7,71,No,Low,No
P3050,12-08-2029,S4,43,47,5,80,No,Medium,No
P3051,13-08-2029,S18,28,11,2,96,Yes,Medium,No
P3052,14-08-2029,S6,58,109,2,65,Yes,Medium,No
P3053,15-08-2029,S3,70,5,11,66,No,Medium,Yes
P3054,16-08-2029,S11,91,65,6,85,No,Medium,No
P3055,17-08-2029,S15,264,18,8,67,No,Low,No
P3056,18-08-2029,S5,382,56,1,68,Yes,High,No
P3057,19-08-2029,S20,219,100,11,86,Yes,High,Yes
P3058,20-08-2029,S10,389,10,6,63,Yes,Medium,No
P3059,21-08-2029,S12,412,107,12,80,Yes,High,No
P3060,22-08-2029,S15,441,14,2,90,Yes,High,No
P3061,23-08-2029,S17,400,75,2,80,No,High,No
P3062,24-08-2029,S10,399,94,7,99,No,Medium,Yes
P3063,25-08-2029,S6,214,102,10,84,No,Medium,Yes
P3064,26-08-2029,S18,478,34,1,98,Yes,Low,No
P3065,27-08-2029,S13,386,104,6,74,Yes,Medium,No
P3066,28-08-2029,S3,276,25,14,94,No,Low,Yes
P3067,29-08-2029,S10,63,64,7,96,No,Medium,No
P3068,30-08-2029,S14,345,85,14,87,No,High,No
P3069,31-08-2029,S6,291,101,8,73,No,Low,No
P3070,01-09-2029,S3,489,78,7,63,No,Low,No
P3071,02-09-2029,S16,484,119,6,79,No,Low,No
P3072,03-09-2029,S7,244,67,9,93,Yes,Medium,No
P3073,04-09-2029,S20,469,115,13,71,No,Low,Yes
P3074,05-09-2029,S14,61,46,3,92,Yes,Medium,Yes
P3075,06-09-2029,S9,425,55,11,83,No,Low,No
P3076,07-09-2029,S15,331,68,6,79,No,Medium,No
P3077,08-09-2029,S3,169,80,4,64,No,Low,No
P3078,09-09-2029,S2,444,60,2,97,Yes,High,No
P3079,10-09-2029,S2,268,84,1,89,No,High,Yes
P3080,11-09-2029,S3,266,45,12,83,No,Low,Yes
P3081,12-09-2029,S18,53,36,12,99,No,Medium,No
P3082,13-09-2029,S14,15,19,14,66,No,Medium,No
P3083,14-09-2029,S20,7,66,1,95,No,Medium,No
P3084,15-09-2029,S18,103,31,11,97,Yes,High,No
P3085,16-09-2029,S10,58,32,10,75,No,High,No
P3086,17-09-2029,S2,312,85,3,74,Yes,High,No
P3087,18-09-2029,S1,39,68,4,82,Yes,Medium,No
P3088,19-09-2029,S4,236,114,2,71,No,Medium,Yes
P3089,20-09-2029,S14,442,63,13,88,No,Medium,Yes
P3090,21-09-2029,S1,385,118,12,74,Yes,Low,No
P3091,22-09-2029,S14,93,62,11,88,Yes,Low,No
P3092,23-09-2029,S16,221,6,11,80,Yes,Low,No
P3093,24-09-2029,S14,203,40,14,74,No,High,No
P3094,25-09-2029,S20,137,118,11,73,Yes,High,No
P3095,26-09-2029,S3,299,75,1,75,Yes,Medium,No
P3096,27-09-2029,S3,394,17,4,74,Yes,Low,No
P3097,28-09-2029,S9,206,19,7,63,No,Medium,Yes
P3098,29-09-2029,S6,335,93,10,86,No,Low,Yes
P3099,30-09-2029,S13,80,91,11,82,Yes,Low,No
P3100,01-10-2029,S2,217,64,6,88,No,Medium,No
P3101,02-10-2029,S8,1,26,6,68,Yes,Medium,Yes
P3102,03-10-2029,S2,177,67,11,66,No,Low,Yes
P3103,04-10-2029,S4,395,94,9,63,No,Low,No
P3104,05-10-2029,S15,370,101,14,64,Yes,High,No
P3105,06-10-2029,S4,345,79,2,64,Yes,Medium,No
P3106,07-10-2029,S13,278,78,4,70,No,Medium,Yes
P3107,08-10-2029,S12,145,29,5,87,Yes,Medium,No
P3108,09-10-2029,S13,317,105,1,75,No,Medium,No
P3109,10-10-2029,S14,223,52,8,89,No,Low,No
P3110,11-10-2029,S20,368,47,8,63,Yes,High,No
P3111,12-10-2029,S18,383,42,6,61,No,Medium,No
P3112,13-10-2029,S6,61,45,12,62,No,Low,No
P3113,14-10-2029,S11,293,49,5,80,No,Low,No
P3114,15-10-2029,S2,238,92,8,65,Yes,Low,No
P3115,16-10-2029,S19,194,44,3,77,No,Low,No
P3116,17-10-2029,S19,165,114,3,64,No,Low,No
P3117,18-10-2029,S5,450,101,2,68,No,Medium,No
P3118,19-10-2029,S19,221,21,5,79,No,Medium,No
P3119,20-10-2029,S2,60,92,3,87,Yes,High,No
P3120,21-10-2029,S10,128,105,3,85,No,Medium,No
P3121,22-10-2029,S2,477,61,6,77,No,Low,Yes
P3122,23-10-2029,S11,172,6,8,78,Yes,High,Yes
P3123,24-10-2029,S18,479,100,2,62,No,Low,No
P3124,25-10-2029,S15,155,66,4,68,Yes,Low,No
P3125,26-10-2029,S9,404,92,11,95,Yes,Medium,No
P3126,27-10-2029,S19,377,13,7,90,No,Low,No
P3127,28-10-2029,S9,109,72,1,76,Yes,Medium,No
P3128,29-10-2029,S3,268,85,1,82,Yes,Low,No
P3129,30-10-2029,S9,410,21,12,93,No,High,No
P3130,31-10-2029,S14,355,54,13,64,No,Low,Yes
P3131,01-11-2029,S19,390,116,10,74,No,Medium,No
P3132,02-11-2029,S7,277,98,7,62,No,Low,No
P3133,03-11-2029,S16,73,44,14,78,Yes,Medium,Yes
P3134,04-11-2029,S16,486,62,7,87,No,Medium,No
P3135,05-11-2029,S1,436,79,1,62,No,High,No
P3136,06-11-2029,S4,462,89,1,97,No,Medium,No
P3137,07-11-2029,S4,206,25,4,63,No,High,No
P3138,08-11-2029,S7,387,22,5,83,No,High,Yes
P3139,09-11-2029,S8,479,59,5,90,Yes,Low,Yes
P3140,10-11-2029,S17,278,33,4,70,No,High,No
P3141,11-11-2029,S5,374,28,8,96,No,Medium,Yes
P3142,12-11-2029,S7,325,78,7,60,Yes,Medium,Yes
P3143,13-11-2029,S20,471,113,9,68,Yes,High,No
P3144,14-11-2029,S20,339,21,7,76,No,Low,No
P3145,15-11-2029,S4,356,22,10,60,Yes,High,Yes
P3146,16-11-2029,S6,339,46,1,62,Yes,High,No
P3147,17-11-2029,S7,203,116,13,85,No,Medium,No
P3148,18-11-2029,S18,160,88,14,90,No,Low,No
P3149,19-11-2029,S5,27,105,7,85,No,Low,Yes
P3150,20-11-2029,S20,391,49,1,82,No,Low,No
P3151,21-11-2029,S3,256,86,7,89,No,Low,Yes
P3152,22-11-2029,S7,164,21,10,69,No,Medium,No
P3153,23-11-2029,S14,62,77,8,67,Yes,Low,No
P3154,24-11-2029,S7,21,18,11,84,No,Low,Yes
P3155,25-11-2029,S5,69,53,9,81,No,Low,No
P3156,26-11-2029,S5,380,33,12,74,Yes,Medium,No
P3157,27-11-2029,S2,404,99,3,69,Yes,Medium,No
P3158,28-11-2029,S6,95,8,4,79,No,Low,No
P3159,29-11-2029,S15,162,86,4,82,Yes,Medium,No
P3160,30-11-2029,S10,78,24,12,60,Yes,High,No
P3161,01-12-2029,S7,4,51,9,61,No,Low,Yes
P3162,02-12-2029,S5,315,111,13,78,No,Medium,No
P3163,03-12-2029,S1,119,112,7,73,No,Low,Yes
P3164,04-12-2029,S13,301,13,3,67,Yes,Low,No
P3165,05-12-2029,S18,177,81,10,97,Yes,Medium,No
P3166,06-12-2029,S13,175,83,5,71,No,High,Yes
P3167,07-12-2029,S18,389,31,7,85,Yes,Low,Yes
P3168,08-12-2029,S5,216,19,8,86,No,High,No
P3169,09-12-2029,S13,55,96,1,88,Yes,Medium,No
P3170,10-12-2029,S4,365,105,12,74,No,Low,No
P3171,11-12-2029,S17,186,23,2,60,No,Medium,No
P3172,12-12-2029,S3,231,94,7,87,Yes,Medium,No
P3173,13-12-2029,S17,254,56,11,62,No,Medium,No
P3174,14-12-2029,S11,412,30,13,77,Yes,Medium,No
P3175,15-12-2029,S20,454,93,14,93,Yes,Low,No
P3176,16-12-2029,S4,103,30,13,91,No,High,Yes
P3177,17-12-2029,S2,76,30,2,88,Yes,High,No
P3178,18-12-2029,S20,229,50,7,84,No,Low,Yes
P3179,19-12-2029,S16,401,96,9,85,Yes,Low,Yes
P3180,20-12-2029,S18,257,53,11,98,Yes,High,Yes
P3181,21-12-2029,S8,263,86,2,67,Yes,High,No
P3182,22-12-2029,S3,330,100,7,78,No,Low,No
P3183,23-12-2029,S9,480,57,4,81,No,Medium,Yes
P3184,24-12-2029,S20,181,7,11,88,Yes,Low,Yes
P3185,25-12-2029,S6,380,70,13,92,Yes,High,Yes
P3186,26-12-2029,S10,255,101,2,97,No,Medium,No
P3187,27-12-2029,S10,37,46,13,94,No,High,Yes
P3188,28-12-2029,S13,175,23,7,62,No,Medium,No
P3189,29-12-2029,S17,26,21,13,78,No,High,Yes
P3190,30-12-2029,S9,275,112,5,69,No,Medium,Yes
P3191,31-12-2029,S17,139,37,1,86,Yes,Low,Yes
P3192,01-01-2030,S9,298,80,5,74,Yes,Low,No
P3193,02-01-2030,S9,444,53,12,70,Yes,Medium,No
P3194,03-01-2030,S1,286,60,12,85,No,Medium,No
P3195,04-01-2030,S2,90,67,3,83,No,Low,No
P3196,05-01-2030,S16,479,7,7,72,No,Low,Yes
P3197,06-01-2030,S1,60,111,6,91,Yes,Medium,Yes
P3198,07-01-2030,S10,457,53,8,96,No,Medium,No
P3199,08-01-2030,S18,450,59,13,63,No,Low,No
P3200,09-01-2030,S8,364,30,5,72,No,High,No
P3201,10-01-2030,S11,346,103,2,68,Yes,Low,No
P3202,11-01-2030,S2,162,76,9,93,No,Medium,No
P3203,12-01-2030,S8,350,56,14,96,Yes,Medium,Yes
P3204,13-01-2030,S8,142,104,11,66,No,High,No
P3205,14-01-2030,S17,399,11,8,60,No,Low,No
P3206,15-01-2030,S15,252,50,6,71,Yes,Medium,Yes
P3207,16-01-2030,S17,268,50,13,80,No,Low,No
P3208,17-01-2030,S13,368,104,10,70,Yes,Medium,No
P3209,18-01-2030,S19,290,20,7,73,No,High,No
P3210,19-01-2030,S5,499,28,9,93,Yes,Low,No
P3211,20-01-2030,S12,458,65,7,93,No,Low,Yes
P3212,21-01-2030,S1,186,58,3,84,No,High,No
P3213,22-01-2030,S5,404,66,6,63,Yes,Medium,No
P3214,23-01-2030,S8,498,5,11,85,No,Medium,No
P3215,24-01-2030,S13,437,53,13,75,No,Low,Yes
P3216,25-01-2030,S8,458,29,11,69,Yes,High,No
P3217,26-01-2030,S11,413,14,7,61,No,Low,No
P3218,27-01-2030,S1,303,84,2,94,No,Low,No
P3219,28-01-2030,S13,290,20,3,78,No,Medium,No
P3220,29-01-2030,S19,85,62,4,65,No,Medium,Yes
P3221,30-01-2030,S3,165,76,10,78,No,Medium,No
P3222,31-01-2030,S17,414,33,6,67,No,Medium,No
P3223,01-02-2030,S5,461,107,1,73,No,Medium,No
P3224,02-02-2030,S20,407,96,9,69,No,High,Yes
P3225,03-02-2030,S8,113,10,5,62,Yes,Low,No
P3226,04-02-2030,S14,432,20,13,97,No,High,No
P3227,05-02-2030,S4,479,24,12,88,No,Low,No
P3228,06-02-2030,S11,355,84,14,74,No,Medium,Yes
P3229,07-02-2030,S20,415,75,7,82,No,High,No
P3230,08-02-2030,S15,182,109,9,82,Yes,Low,No
P3231,09-02-2030,S19,206,82,9,77,No,Medium,No
P3232,10-02-2030,S7,255,47,1,78,No,Medium,No
P3233,11-02-2030,S19,234,30,1,87,No,High,No
P3234,12-02-2030,S19,441,94,3,85,Yes,High,No
P3235,13-02-2030,S11,354,82,6,69,Yes,High,Yes
P3236,14-02-2030,S5,2,75,2,63,No,Medium,No
P3237,15-02-2030,S5,207,37,10,61,No,Low,No
P3238,16-02-2030,S8,196,30,12,62,Yes,Low,Yes
P3239,17-02-2030,S10,340,49,11,66,Yes,High,Yes
P3240,18-02-2030,S6,124,88,1,75,No,Low,Yes
P3241,19-02-2030,S15,137,67,1,90,Yes,Medium,No
P3242,20-02-2030,S16,338,71,13,69,Yes,Low,No
P3243,21-02-2030,S17,24,56,5,78,No,Medium,No
P3244,22-02-2030,S8,67,72,4,87,No,High,No
P3245,23-02-2030,S8,60,30,1,76,Yes,Low,No
P3246,24-02-2030,S9,28,79,4,87,No,Medium,No
P3247,25-02-2030,S2,382,6,3,78,Yes,High,No
P3248,26-02-2030,S15,18,18,2,96,Yes,High,No
P3249,27-02-2030,S18,170,112,9,82,Yes,High,Yes
P3250,28-02-2030,S3,449,34,14,79,No,High,No
P3251,01-03-2030,S17,73,53,11,72,Yes,Low,No
P3252,02-03-2030,S4,60,16,1,72,No,Medium,Yes
P3253,03-03-2030,S4,426,94,7,70,Yes,Low,No
P3254,04-03-2030,S14,152,48,14,74,Yes,Medium,Yes
P3255,05-03-2030,S9,275,37,13,76,Yes,High,No
P3256,06-03-2030,S9,47,17,4,87,No,Low,No
P3257,07-03-2030,S18,210,82,5,78,No,High,Yes
P3258,08-03-2030,S10,342,92,10,63,No,Medium,No
P3259,09-03-2030,S4,407,102,5,81,No,High,No
P3260,10-03-2030,S12,138,112,1,81,Yes,Low,No
P3261,11-03-2030,S8,109,30,6,96,No,Low,Yes
P3262,12-03-2030,S2,481,25,13,98,Yes,Medium,No
P3263,13-03-2030,S13,182,32,9,93,No,Medium,Yes
P3264,14-03-2030,S16,27,52,2,92,Yes,Low,No
P3265,15-03-2030,S2,196,104,7,99,Yes,Low,Yes
P3266,16-03-2030,S11,190,44,6,92,No,Low,No
P3267,17-03-2030,S10,314,70,5,71,No,Low,No
P3268,18-03-2030,S15,388,110,4,61,No,Medium,No
P3269,19-03-2030,S17,50,77,4,87,No,Low,No
P3270,20-03-2030,S8,148,91,6,69,No,Medium,No
P3271,21-03-2030,S18,267,83,4,81,Yes,Low,No
P3272,22-03-2030,S9,49,81,5,76,No,Low,No
P3273,23-03-2030,S8,387,27,13,85,No,High,Yes
P3274,24-03-2030,S14,245,85,6,62,No,High,Yes
P3275,25-03-2030,S18,112,52,5,66,Yes,Low,No
P3276,26-03-2030,S20,169,6,7,67,No,Medium,Yes
P3277,27-03-2030,S20,467,88,9,79,Yes,Low,No
P3278,28-03-2030,S12,165,24,10,71,No,High,Yes
P3279,29-03-2030,S19,408,63,7,94,No,Low,No
P3280,30-03-2030,S14,13,50,7,76,No,High,No
P3281,31-03-2030,S17,202,7,4,87,No,Low,No
P3282,01-04-2030,S3,287,59,1,69,No,Low,No
P3283,02-04-2030,S7,394,16,14,81,Yes,Medium,No
P3284,03-04-2030,S17,188,44,8,97,No,High,No
P3285,04-04-2030,S12,401,70,4,92,No,High,No
P3286,05-04-2030,S9,154,104,1,81,No,High,No
P3287,06-04-2030,S15,54,82,5,96,No,Medium,Yes
P3288,07-04-2030,S18,181,20,14,72,No,Low,No
P3289,08-04-2030,S13,209,87,14,86,Yes,Medium,Yes
P3290,09-04-2030,S8,375,38,8,74,No,Low,Yes
P3291,10-04-2030,S14,470,48,4,81,Yes,Medium,No
P3292,11-04-2030,S8,74,114,13,89,No,Medium,No
P3293,12-04-2030,S14,276,10,12,99,No,High,No
P3294,13-04-2030,S7,427,81,8,96,Yes,Medium,No
P3295,14-04-2030,S12,132,68,8,93,No,Low,No
P3296,15-04-2030,S11,342,104,3,93,No,Medium,No
P3297,16-04-2030,S11,424,26,9,94,No,Medium,No
P3298,17-04-2030,S13,58,22,3,78,Yes,Low,No
P3299,18-04-2030,S18,344,16,1,67,Yes,High,No
P3300,19-04-2030,S2,488,56,2,98,No,Low,No
P3301,20-04-2030,S15,181,98,6,92,Yes,Low,No
P3302,21-04-2030,S20,457,55,12,87,No,Low,No
P3303,22-04-2030,S18,405,108,10,96,No,Medium,No
P3304,23-04-2030,S15,338,75,2,84,Yes,Medium,Yes
P3305,24-04-2030,S19,320,100,6,95,No,Low,Yes
P3306,25-04-2030,S12,63,52,14,76,No,Low,No
P3307,26-04-2030,S13,326,23,1,83,No,High,No
P3308,27-04-2030,S11,259,10,11,80,No,Medium,No
P3309,28-04-2030,S5,192,88,13,61,No,Medium,No
P3310,29-04-2030,S1,142,31,1,90,Yes,Medium,No
P3311,30-04-2030,S3,103,57,5,92,No,Medium,No
P3312,01-05-2030,S19,459,111,10,89,Yes,Low,No
P3313,02-05-2030,S7,405,105,13,71,No,Low,No
P3314,03-05-2030,S12,213,52,11,71,No,High,Yes
P3315,04-05-2030,S15,241,11,9,83,No,Medium,Yes
P3316,05-05-2030,S5,430,63,14,83,No,Medium,No
P3317,06-05-2030,S15,208,73,8,70,Yes,Low,No
P3318,07-05-2030,S8,92,15,3,72,No,High,No
P3319,08-05-2030,S10,429,19,3,86,Yes,Low,Yes
P3320,09-05-2030,S16,141,68,1,67,Yes,Medium,No
P3321,10-05-2030,S8,433,7,14,69,Yes,Medium,No
P3322,11-05-2030,S1,403,73,3,67,No,High,No
P3323,12-05-2030,S12,433,27,14,79,No,Low,No
P3324,13-05-2030,S5,111,57,12,67,No,Medium,No
P3325,14-05-2030,S3,416,41,12,68,No,Medium,No
P3326,15-05-2030,S1,374,13,12,66,No,High,No
P3327,16-05-2030,S4,58,19,13,73,No,Medium,No
P3328,17-05-2030,S8,42,7,11,87,No,Medium,No
P3329,18-05-2030,S3,206,97,1,61,No,Low,No
P3330,19-05-2030,S10,267,74,8,67,Yes,High,No
P3331,20-05-2030,S2,295,21,1,72,Yes,High,Yes
P3332,21-05-2030,S11,117,30,5,80,No,High,No
P3333,22-05-2030,S10,19,25,9,87,No,Low,No
P3334,23-05-2030,S14,221,76,7,94,No,High,No
P3335,24-05-2030,S7,165,25,4,82,No,Medium,Yes
P3336,25-05-2030,S2,130,15,11,74,Yes,High,No
P3337,26-05-2030,S9,155,42,9,61,No,Medium,Yes
P3338,27-05-2030,S16,183,76,9,71,No,High,No
P3339,28-05-2030,S13,89,110,2,95,Yes,High,No
P3340,29-05-2030,S9,93,92,10,62,No,Low,No
P3341,30-05-2030,S20,12,39,10,64,Yes,High,No
P3342,31-05-2030,S4,460,18,11,62,No,High,No
P3343,01-06-2030,S10,321,18,12,78,Yes,Low,No
P3344,02-06-2030,S12,292,14,6,61,No,Medium,No
P3345,03-06-2030,S17,432,16,4,96,No,High,Yes
P3346,04-06-2030,S14,229,42,8,76,Yes,High,No
P3347,05-06-2030,S14,321,112,12,73,No,Medium,No
P3348,06-06-2030,S2,291,114,11,87,No,Low,No
P3349,07-06-2030,S20,437,38,7,86,No,High,No
P3350,08-06-2030,S11,25,45,7,69,No,Low,No
P3351,09-06-2030,S16,74,14,11,62,Yes,Medium,Yes
P3352,10-06-2030,S19,455,21,10,95,No,Medium,No
P3353,11-06-2030,S6,363,21,9,97,No,Low,No
P3354,12-06-2030,S19,423,71,13,84,Yes,Medium,No
P3355,13-06-2030,S5,298,66,5,81,No,Medium,Yes
P3356,14-06-2030,S4,149,99,6,98,No,High,No
P3357,15-06-2030,S15,147,119,1,89,No,Low,Yes
P3358,16-06-2030,S4,7,5,6,80,No,High,No
P3359,17-06-2030,S20,28,16,2,89,Yes,Low,No
P3360,18-06-2030,S10,295,107,6,87,No,High,No
P3361,19-06-2030,S3,473,8,9,90,Yes,Medium,No
P3362,20-06-2030,S5,413,46,8,85,Yes,Low,Yes
P3363,21-06-2030,S6,208,17,9,81,No,Low,Yes
P3364,22-06-2030,S8,127,102,13,80,No,Low,No
P3365,23-06-2030,S7,339,110,10,60,No,Low,No
P3366,24-06-2030,S10,115,89,8,96,Yes,Medium,No
P3367,25-06-2030,S6,438,90,3,72,No,Medium,No
P3368,26-06-2030,S14,143,8,8,80,No,Medium,Yes
P3369,27-06-2030,S4,429,86,6,68,No,High,No
P3370,28-06-2030,S13,317,73,13,76,No,Medium,No
P3371,29-06-2030,S20,234,23,6,80,No,High,Yes
P3372,30-06-2030,S17,6,6,6,90,No,High,No
P3373,01-07-2030,S7,463,16,3,98,Yes,Medium,No
P3374,02-07-2030,S4,44,85,10,81,Yes,Medium,No
P3375,03-07-2030,S14,442,78,1,71,No,Medium,No
P3376,04-07-2030,S3,238,102,12,65,No,High,No
P3377,05-07-2030,S5,439,10,14,75,Yes,Low,Yes
P3378,06-07-2030,S16,431,12,4,85,No,Medium,Yes
P3379,07-07-2030,S20,154,55,10,64,No,High,No
P3380,08-07-2030,S4,180,15,12,68,No,High,No
P3381,09-07-2030,S2,214,67,6,99,Yes,Medium,Yes
P3382,10-07-2030,S18,87,61,11,73,No,High,No
P3383,11-07-2030,S19,255,16,12,89,No,Medium,No
P3384,12-07-2030,S19,72,77,10,85,No,High,Yes
P3385,13-07-2030,S17,418,6,2,88,Yes,Low,Yes
P3386,14-07-2030,S14,178,12,7,78,No,High,No
P3387,15-07-2030,S19,211,15,7,67,No,Medium,No
P3388,16-07-2030,S13,292,57,11,82,No,Low,Yes
P3389,17-07-2030,S12,233,104,4,94,No,Medium,No
P3390,18-07-2030,S6,464,14,4,90,Yes,High,Yes
P3391,19-07-2030,S4,238,89,1,94,No,Low,No
P3392,20-07-2030,S19,222,88,13,91,No,Low,No
P3393,21-07-2030,S16,118,116,2,64,No,High,No
P3394,22-07-2030,S13,312,12,9,75,Yes,Low,No
P3395,23-07-2030,S4,263,40,10,76,No,Low,No
P3396,24-07-2030,S17,206,97,8,91,No,Low,Yes
P3397,25-07-2030,S1,94,110,8,97,No,Medium,Yes
P3398,26-07-2030,S18,372,80,9,91,No,Medium,No
P3399,27-07-2030,S20,221,18,7,79,No,Low,No
P3400,28-07-2030,S17,365,116,13,61,No,High,Yes
P3401,29-07-2030,S15,275,58,9,79,No,High,No
P3402,30-07-2030,S11,379,118,10,77,No,Medium,No
P3403,31-07-2030,S13,230,89,12,60,No,High,No
P3404,01-08-2030,S1,308,90,2,88,No,Low,No
P3405,02-08-2030,S17,118,25,6,88,Yes,High,No
P3406,03-08-2030,S6,267,112,3,78,Yes,Medium,Yes
P3407,04-08-2030,S4,432,54,11,99,No,Medium,No
P3408,05-08-2030,S20,272,98,6,65,No,Low,No
P3409,06-08-2030,S16,63,43,3,98,Yes,Medium,No
P3410,07-08-2030,S15,297,24,8,67,Yes,Medium,No
P3411,08-08-2030,S15,349,92,11,83,Yes,Medium,No
P3412,09-08-2030,S6,412,91,13,79,No,High,Yes
P3413,10-08-2030,S15,402,11,4,73,No,Medium,Yes
P3414,11-08-2030,S14,493,13,12,64,Yes,High,No
P3415,12-08-2030,S11,10,5,10,99,No,Medium,Yes
P3416,13-08-2030,S7,97,30,6,93,No,Medium,No
P3417,14-08-2030,S9,433,42,9,75,No,High,No
P3418,15-08-2030,S16,70,42,2,66,No,High,No
P3419,16-08-2030,S5,363,65,2,75,Yes,Low,No
P3420,17-08-2030,S20,57,48,7,66,No,Low,Yes
P3421,18-08-2030,S10,289,90,2,86,Yes,High,No
P3422,19-08-2030,S18,250,48,2,73,Yes,Medium,No
P3423,20-08-2030,S3,275,78,4,73,No,Low,No
P3424,21-08-2030,S13,49,66,9,92,Yes,High,Yes
P3425,22-08-2030,S11,357,10,8,92,No,High,No
P3426,23-08-2030,S17,215,21,2,79,Yes,Medium,No
P3427,24-08-2030,S13,393,55,8,95,Yes,High,No
P3428,25-08-2030,S6,415,118,4,66,No,Low,No
P3429,26-08-2030,S17,51,42,2,91,No,Medium,No
P3430,27-08-2030,S13,270,28,11,62,No,High,No
P3431,28-08-2030,S19,484,55,10,98,No,High,Yes
P3432,29-08-2030,S19,83,14,7,88,No,Medium,No
P3433,30-08-2030,S10,386,76,6,83,No,Medium,No
P3434,31-08-2030,S3,292,25,14,81,No,Medium,No
P3435,01-09-2030,S14,125,74,10,65,Yes,Low,No
P3436,02-09-2030,S19,295,89,5,83,Yes,Low,Yes
P3437,03-09-2030,S5,71,61,11,99,No,High,No
P3438,04-09-2030,S5,295,43,1,82,Yes,High,Yes
P3439,05-09-2030,S20,235,92,2,97,Yes,Medium,No
P3440,06-09-2030,S17,55,37,8,69,Yes,High,No
P3441,07-09-2030,S10,406,63,1,75,Yes,High,Yes
P3442,08-09-2030,S5,359,22,3,70,Yes,Medium,No
P3443,09-09-2030,S4,394,60,2,91,Yes,Low,No
P3444,10-09-2030,S6,109,96,5,65,Yes,Low,No
P3445,11-09-2030,S4,191,61,4,83,Yes,Low,Yes
P3446,12-09-2030,S7,391,100,13,92,No,High,No
P3447,13-09-2030,S7,92,80,7,71,Yes,Medium,Yes
P3448,14-09-2030,S18,349,52,5,86,No,Low,Yes
P3449,15-09-2030,S3,55,46,8,97,No,High,No
P3450,16-09-2030,S1,59,31,4,77,No,Medium,Yes
P3451,17-09-2030,S4,137,78,12,98,No,Low,No
P3452,18-09-2030,S6,38,114,6,72,No,Low,No
P3453,19-09-2030,S9,27,56,4,99,Yes,Medium,No
P3454,20-09-2030,S14,48,46,2,89,No,High,No
P3455,21-09-2030,S12,419,36,1,72,Yes,High,No
P3456,22-09-2030,S20,124,110,14,93,No,Low,Yes
P3457,23-09-2030,S4,12,30,14,95,No,Medium,No
P3458,24-09-2030,S12,479,29,1,89,Yes,High,No
P3459,25-09-2030,S10,35,79,8,84,No,Medium,No
P3460,26-09-2030,S7,100,27,14,61,No,Medium,Yes
P3461,27-09-2030,S3,281,102,4,95,Yes,Low,No
P3462,28-09-2030,S14,85,61,5,77,No,Medium,No
P3463,29-09-2030,S10,3,56,11,64,No,Medium,No
P3464,30-09-2030,S16,222,108,8,78,No,Medium,No
P3465,01-10-2030,S16,337,91,12,77,Yes,High,No
P3466,02-10-2030,S10,447,97,7,91,Yes,Low,No
P3467,03-10-2030,S13,165,35,13,80,No,Low,No
P3468,04-10-2030,S6,382,68,8,69,No,Medium,No
P3469,05-10-2030,S12,343,75,13,96,No,Medium,Yes
P3470,06-10-2030,S9,382,108,8,81,No,High,No
P3471,07-10-2030,S13,375,37,6,72,Yes,Low,No
P3472,08-10-2030,S4,470,89,10,76,No,High,No
P3473,09-10-2030,S11,277,6,2,68,No,Low,No
P3474,10-10-2030,S20,129,22,6,83,No,High,No
P3475,11-10-2030,S18,30,51,14,73,Yes,Medium,Yes
P3476,12-10-2030,S11,374,37,1,67,Yes,High,No
P3477,13-10-2030,S4,10,105,1,96,No,Medium,No
P3478,14-10-2030,S18,475,102,11,78,Yes,Low,No
P3479,15-10-2030,S1,301,88,3,87,No,Low,No
P3480,16-10-2030,S7,95,39,3,89,Yes,Medium,Yes
P3481,17-10-2030,S6,189,55,11,66,Yes,Low,No
P3482,18-10-2030,S15,452,118,13,85,Yes,High,No
P3483,19-10-2030,S18,191,22,5,99,No,Medium,No
P3484,20-10-2030,S11,485,114,1,70,No,Low,No
P3485,21-10-2030,S20,265,92,10,73,No,High,No
P3486,22-10-2030,S15,423,76,6,80,No,High,No
P3487,23-10-2030,S16,127,34,7,67,Yes,Low,No
P3488,24-10-2030,S7,237,48,10,62,Yes,Low,No
P3489,25-10-2030,S10,407,57,12,87,No,High,Yes
P3490,26-10-2030,S12,354,14,13,88,No,Medium,No
P3491,27-10-2030,S14,427,91,11,82,No,Low,No
P3492,28-10-2030,S5,111,56,3,77,No,Low,No
P3493,29-10-2030,S18,315,53,4,94,No,Medium,No
P3494,30-10-2030,S5,445,15,10,72,Yes,Medium,No
P3495,31-10-2030,S3,342,70,11,71,No,Low,No
P3496,01-11-2030,S5,144,62,10,64,Yes,Medium,No
P3497,02-11-2030,S17,64,94,14,98,No,High,No
P3498,03-11-2030,S19,246,40,12,70,No,High,No
P3499,04-11-2030,S19,222,37,10,70,Yes,High,No
P3500,05-11-2030,S12,478,51,14,90,No,Low,No
P3501,06-11-2030,S9,489,17,10,90,Yes,Medium,Yes
P3502,07-11-2030,S1,312,44,10,72,No,High,No
P3503,08-11-2030,S18,438,93,3,73,No,Medium,No
P3504,09-11-2030,S4,105,72,1,84,No,High,No
P3505,10-11-2030,S10,180,46,8,92,No,Medium,No
P3506,11-11-2030,S7,183,23,13,92,Yes,High,No
P3507,12-11-2030,S1,225,86,10,74,No,High,No
P3508,13-11-2030,S17,264,105,10,75,No,High,No
P3509,14-11-2030,S2,277,98,2,97,No,High,Yes
P3510,15-11-2030,S11,396,23,1,65,Yes,High,No
P3511,16-11-2030,S9,88,62,14,84,Yes,High,No
P3512,17-11-2030,S7,175,27,8,74,Yes,High,No
P3513,18-11-2030,S17,17,58,7,63,No,High,No
P3514,19-11-2030,S17,370,84,7,63,Yes,High,No
P3515,20-11-2030,S2,459,69,4,89,No,Medium,No
P3516,21-11-2030,S6,423,16,11,93,No,Medium,No
P3517,22-11-2030,S14,400,28,9,86,No,Low,No
P3518,23-11-2030,S6,398,38,6,90,No,High,No
P3519,24-11-2030,S2,105,57,2,91,Yes,Medium,No
P3520,25-11-2030,S1,270,12,14,98,No,Medium,No
P3521,26-11-2030,S10,462,22,1,68,No,Medium,No
P3522,27-11-2030,S5,318,61,1,67,No,Medium,No
P3523,28-11-2030,S2,166,116,9,73,No,Medium,Yes
P3524,29-11-2030,S16,12,9,4,92,Yes,Medium,No
P3525,30-11-2030,S2,336,30,5,82,No,Low,No
P3526,01-12-2030,S10,31,34,3,80,No,Medium,No
P3527,02-12-2030,S2,392,58,4,71,No,Low,Yes
P3528,03-12-2030,S16,39,17,12,61,Yes,Low,No
P3529,04-12-2030,S16,147,87,8,72,Yes,High,Yes
P3530,05-12-2030,S19,217,33,13,63,No,High,No
P3531,06-12-2030,S7,218,7,4,79,No,High,No
P3532,07-12-2030,S12,468,94,9,73,No,Medium,No
P3533,08-12-2030,S15,81,108,9,89,No,High,No
P3534,09-12-2030,S8,332,62,6,88,No,Medium,No
P3535,10-12-2030,S6,207,80,2,67,Yes,Medium,No
P3536,11-12-2030,S10,200,6,12,71,Yes,High,Yes
P3537,12-12-2030,S3,446,79,10,97,No,High,Yes
P3538,13-12-2030,S19,331,112,11,85,No,Low,No
P3539,14-12-2030,S17,427,32,7,61,No,Low,Yes
P3540,15-12-2030,S7,37,86,9,99,No,Medium,Yes
P3541,16-12-2030,S20,210,81,6,73,No,Medium,No
P3542,17-12-2030,S4,443,105,3,65,No,High,No
P3543,18-12-2030,S14,326,90,14,99,Yes,High,No
P3544,19-12-2030,S20,248,80,7,90,Yes,Low,No
P3545,20-12-2030,S15,226,6,5,76,Yes,High,No
P3546,21-12-2030,S8,47,105,1,84,No,Medium,No
P3547,22-12-2030,S15,17,11,3,91,No,High,No
P3548,23-12-2030,S20,399,30,5,71,Yes,Low,No
P3549,24-12-2030,S14,438,94,7,72,Yes,Medium,No
P3550,25-12-2030,S9,294,92,3,78,No,Low,Yes
P3551,26-12-2030,S8,195,80,6,84,No,Low,No
P3552,27-12-2030,S17,186,20,5,90,No,Medium,Yes
P3553,28-12-2030,S2,344,27,13,96,No,Low,No
P3554,29-12-2030,S3,223,44,1,84,No,High,No
P3555,30-12-2030,S8,317,64,10,75,Yes,High,Yes
P3556,31-12-2030,S12,487,77,6,97,Yes,Low,No
P3557,01-01-2031,S1,396,36,14,82,No,High,No
P3558,02-01-2031,S10,364,19,8,73,No,Low,No
P3559,03-01-2031,S20,336,105,13,65,Yes,High,No
P3560,04-01-2031,S3,496,17,13,84,No,Low,No
P3561,05-01-2031,S6,228,9,1,82,Yes,High,No
P3562,06-01-2031,S7,389,79,2,71,No,Medium,No
P3563,07-01-2031,S20,466,78,14,72,Yes,Medium,Yes
P3564,08-01-2031,S18,76,56,4,95,No,High,No
P3565,09-01-2031,S11,187,81,12,98,Yes,Low,No
P3566,10-01-2031,S19,345,45,2,93,No,High,No
P3567,11-01-2031,S5,269,57,11,65,Yes,Low,Yes
P3568,12-01-2031,S19,94,114,9,97,No,High,No
P3569,13-01-2031,S11,309,54,10,99,No,High,No
P3570,14-01-2031,S12,131,19,8,67,Yes,Medium,No
P3571,15-01-2031,S10,38,110,8,67,Yes,Low,No
P3572,16-01-2031,S8,71,11,4,99,No,Low,No
P3573,17-01-2031,S9,280,44,5,92,No,Low,Yes
P3574,18-01-2031,S4,332,32,4,93,Yes,Low,Yes
P3575,19-01-2031,S5,159,36,13,74,Yes,Low,No
P3576,20-01-2031,S8,186,103,9,95,Yes,Medium,No
P3577,21-01-2031,S9,485,19,13,94,Yes,High,No
P3578,22-01-2031,S15,190,116,2,81,No,Low,No
P3579,23-01-2031,S15,421,104,13,82,No,Low,No
P3580,24-01-2031,S16,119,89,11,99,No,High,No
P3581,25-01-2031,S14,219,74,8,81,No,Medium,Yes
P3582,26-01-2031,S8,52,69,2,64,No,Medium,Yes
P3583,27-01-2031,S18,221,8,1,90,No,Medium,No
P3584,28-01-2031,S10,450,15,10,72,Yes,High,No
P3585,29-01-2031,S20,411,112,3,87,No,High,No
P3586,30-01-2031,S6,130,30,9,79,No,Medium,No
P3587,31-01-2031,S12,236,65,12,92,Yes,Medium,No
P3588,01-02-2031,S2,245,41,3,75,Yes,High,No
P3589,02-02-2031,S7,225,27,9,88,Yes,Medium,No
P3590,03-02-2031,S16,207,97,7,82,Yes,Low,No
P3591,04-02-2031,S3,405,89,13,83,No,High,No
P3592,05-02-2031,S13,95,116,10,93,No,Medium,Yes
P3593,06-02-2031,S3,421,113,1,66,No,Low,No
P3594,07-02-2031,S18,199,113,10,97,Yes,High,No
P3595,08-02-2031,S11,246,117,5,96,No,High,Yes
P3596,09-02-2031,S8,71,95,9,63,Yes,Low,No
P3597,10-02-2031,S6,317,107,12,93,No,High,No
P3598,11-02-2031,S1,184,44,3,81,No,Medium,No
P3599,12-02-2031,S1,5,81,9,64,Yes,High,No
P3600,13-02-2031,S8,205,27,5,82,No,Medium,No
P3601,14-02-2031,S5,31,20,9,74,No,Low,No
P3602,15-02-2031,S16,98,98,10,90,Yes,Low,Yes
P3603,16-02-2031,S11,393,65,6,68,Yes,High,Yes
P3604,17-02-2031,S5,386,72,9,84,No,Low,No
P3605,18-02-2031,S4,255,108,7,84,Yes,Low,No
P3606,19-02-2031,S6,186,84,7,80,No,High,No
P3607,20-02-2031,S14,75,35,8,68,No,Medium,Yes
P3608,21-02-2031,S19,176,57,7,97,Yes,High,No
P3609,22-02-2031,S9,314,110,12,81,Yes,High,Yes
P3610,23-02-2031,S12,286,29,9,82,No,Medium,No
P3611,24-02-2031,S11,348,48,11,63,No,Medium,No
P3612,25-02-2031,S14,254,16,9,88,No,Medium,Yes
P3613,26-02-2031,S16,324,94,6,74,No,High,No
P3614,27-02-2031,S1,189,105,7,60,No,Medium,Yes
P3615,28-02-2031,S13,307,116,2,89,Yes,Low,No
P3616,01-03-2031,S13,344,101,9,88,No,Medium,Yes
P3617,02-03-2031,S2,126,96,12,79,No,Low,No
P3618,03-03-2031,S4,424,13,13,92,No,Medium,No
P3619,04-03-2031,S6,286,16,1,95,No,Low,No
P3620,05-03-2031,S5,253,73,1,81,No,Low,Yes
P3621,06-03-2031,S3,212,58,3,72,No,Low,No
P3622,07-03-2031,S1,249,58,12,66,Yes,Low,No
P3623,08-03-2031,S4,83,32,6,67,No,Low,No
P3624,09-03-2031,S20,486,60,5,87,Yes,Medium,Yes
P3625,10-03-2031,S2,382,103,2,68,Yes,High,No
P3626,11-03-2031,S5,405,73,9,84,No,High,No
P3627,12-03-2031,S3,387,102,14,75,Yes,High,Yes
P3628,13-03-2031,S9,12,114,13,69,No,High,Yes
P3629,14-03-2031,S20,44,102,10,70,No,High,No
P3630,15-03-2031,S6,126,81,14,90,Yes,Low,No
P3631,16-03-2031,S18,425,107,4,71,No,Medium,No
P3632,17-03-2031,S6,113,110,4,90,No,Low,No
P3633,18-03-2031,S19,432,113,5,73,No,Medium,No
P3634,19-03-2031,S12,275,116,8,91,No,Medium,No
P3635,20-03-2031,S11,499,62,10,76,No,Medium,Yes
P3636,21-03-2031,S2,204,82,4,94,Yes,Medium,No
P3637,22-03-2031,S15,336,79,5,60,Yes,High,No
P3638,23-03-2031,S12,437,46,12,88,No,Medium,No
P3639,24-03-2031,S12,419,42,4,63,No,Medium,No
P3640,25-03-2031,S9,480,72,14,82,Yes,High,No
P3641,26-03-2031,S2,384,57,6,87,No,Low,No
P3642,27-03-2031,S3,398,37,12,75,No,Low,No
P3643,28-03-2031,S12,460,75,3,71,No,Low,Yes
P3644,29-03-2031,S16,272,60,8,80,No,Low,Yes
P3645,30-03-2031,S1,407,109,6,76,No,Medium,No
P3646,31-03-2031,S3,57,76,10,99,No,High,No
P3647,01-04-2031,S20,327,105,5,72,No,High,No
P3648,02-04-2031,S2,497,55,13,91,No,Low,No
P3649,03-04-2031,S9,218,78,2,96,No,High,No
P3650,04-04-2031,S19,108,47,10,74,No,Medium,No
P3651,05-04-2031,S15,278,19,10,71,No,Low,No
P3652,06-04-2031,S18,173,42,7,74,Yes,Medium,No
P3653,07-04-2031,S11,327,19,2,93,Yes,Medium,No
P3654,08-04-2031,S16,263,9,1,65,No,Medium,No
P3655,09-04-2031,S17,314,97,7,76,Yes,Medium,No
P3656,10-04-2031,S5,473,87,5,79,Yes,Medium,No
P3657,11-04-2031,S12,110,58,1,68,Yes,Low,Yes
P3658,12-04-2031,S11,186,55,4,64,No,Medium,No
P3659,13-04-2031,S15,268,14,12,82,Yes,Low,Yes
P3660,14-04-2031,S3,422,16,13,92,Yes,High,Yes
P3661,15-04-2031,S1,228,8,4,97,No,Medium,No
P3662,16-04-2031,S20,496,99,10,73,No,Medium,No
P3663,17-04-2031,S16,155,22,7,76,No,High,No
P3664,18-04-2031,S2,472,84,9,78,Yes,Low,No
P3665,19-04-2031,S2,188,108,2,92,No,Medium,No
P3666,20-04-2031,S3,271,40,12,60,No,High,No
P3667,21-04-2031,S8,374,29,14,72,No,High,No
P3668,22-04-2031,S15,1,91,1,86,Yes,Medium,No
P3669,23-04-2031,S7,245,80,2,65,No,Low,No
P3670,24-04-2031,S6,209,102,7,65,No,Low,No
P3671,25-04-2031,S9,400,40,13,92,No,Medium,No
P3672,26-04-2031,S20,285,105,10,89,No,High,Yes
P3673,27-04-2031,S1,358,71,6,94,No,Medium,No
P3674,28-04-2031,S8,12,13,4,82,No,Low,Yes
P3675,29-04-2031,S3,95,65,1,69,No,High,No
P3676,30-04-2031,S4,497,57,13,78,Yes,Medium,No
P3677,01-05-2031,S15,220,22,1,87,No,High,No
P3678,02-05-2031,S6,237,47,5,82,No,Low,Yes
P3679,03-05-2031,S15,93,39,1,63,No,Low,Yes
P3680,04-05-2031,S3,337,67,12,79,Yes,Low,No
P3681,05-05-2031,S14,268,102,7,78,Yes,Medium,Yes
P3682,06-05-2031,S20,170,109,13,86,No,High,No
P3683,07-05-2031,S14,468,82,11,93,No,Medium,No
P3684,08-05-2031,S4,93,8,1,63,No,Medium,No
P3685,09-05-2031,S12,148,97,1,97,No,Medium,No
P3686,10-05-2031,S17,111,45,2,66,Yes,Medium,No
P3687,11-05-2031,S7,54,49,13,66,No,High,No
P3688,12-05-2031,S9,336,54,14,85,No,High,Yes
P3689,13-05-2031,S3,423,83,11,85,No,Medium,No
P3690,14-05-2031,S13,466,32,12,78,Yes,Medium,No
P3691,15-05-2031,S15,115,46,10,68,No,Low,No
P3692,16-05-2031,S18,142,84,3,79,No,Low,Yes
P3693,17-05-2031,S19,200,80,13,75,No,High,Yes
P3694,18-05-2031,S1,179,73,11,76,No,Low,No
P3695,19-05-2031,S6,201,102,1,81,Yes,High,No
P3696,20-05-2031,S2,363,110,9,72,Yes,High,No
P3697,21-05-2031,S14,478,5,10,71,No,High,No
P3698,22-05-2031,S6,52,43,8,69,No,Low,No
P3699,23-05-2031,S14,470,100,5,60,Yes,Low,No
P3700,24-05-2031,S4,383,94,13,91,No,High,No
P3701,25-05-2031,S8,179,21,11,89,No,High,No
P3702,26-05-2031,S3,413,116,2,67,No,Medium,No
P3703,27-05-2031,S19,416,95,5,80,Yes,High,No
P3704,28-05-2031,S14,312,92,6,81,No,High,No
P3705,29-05-2031,S20,307,39,14,77,Yes,Medium,Yes
P3706,30-05-2031,S17,136,50,1,61,Yes,High,No
P3707,31-05-2031,S8,181,46,11,68,Yes,High,Yes
P3708,01-06-2031,S14,366,43,4,62,No,High,Yes
P3709,02-06-2031,S6,0,94,9,85,Yes,Medium,No
P3710,03-06-2031,S16,43,53,2,80,No,Low,No
P3711,04-06-2031,S19,226,66,5,89,No,High,No
P3712,05-06-2031,S14,330,42,1,87,No,Medium,No
P3713,06-06-2031,S19,97,27,4,95,No,High,No
P3714,07-06-2031,S3,207,26,4,85,No,Medium,No
P3715,08-06-2031,S10,264,8,6,93,No,High,No
P3716,09-06-2031,S19,287,53,10,67,No,Medium,No
P3717,10-06-2031,S9,270,63,9,69,No,Low,Yes
P3718,11-06-2031,S20,139,77,3,73,Yes,Low,No
P3719,12-06-2031,S13,480,72,9,99,Yes,Low,No
P3720,13-06-2031,S7,236,75,6,74,No,High,Yes
P3721,14-06-2031,S14,461,91,7,76,No,Medium,No
P3722,15-06-2031,S9,440,6,12,77,No,High,Yes
P3723,16-06-2031,S19,391,53,10,91,No,High,Yes
P3724,17-06-2031,S15,71,92,2,97,No,Medium,No
P3725,18-06-2031,S20,154,108,11,82,No,High,No
P3726,19-06-2031,S14,189,99,10,82,Yes,Medium,No
P3727,20-06-2031,S6,267,115,14,94,No,Medium,No
P3728,21-06-2031,S4,320,35,6,98,No,Low,No
P3729,22-06-2031,S8,106,115,6,74,No,Low,No
P3730,23-06-2031,S17,231,44,2,83,No,Low,No
P3731,24-06-2031,S9,41,52,2,87,No,Medium,Yes
P3732,25-06-2031,S1,189,55,14,75,No,Low,No
P3733,26-06-2031,S20,370,47,2,75,No,Medium,No
P3734,27-06-2031,S14,138,102,10,99,No,High,No
P3735,28-06-2031,S11,102,59,12,98,No,Low,No
P3736,29-06-2031,S3,170,92,1,65,No,Medium,No
P3737,30-06-2031,S9,350,53,5,61,No,Medium,Yes
P3738,01-07-2031,S14,272,94,8,72,Yes,Medium,No
P3739,02-07-2031,S9,480,84,2,68,No,Medium,No
P3740,03-07-2031,S4,415,61,13,93,No,Low,No
P3741,04-07-2031,S4,220,115,5,76,No,Low,No
P3742,05-07-2031,S8,212,81,12,86,No,Low,Yes
P3743,06-07-2031,S2,340,19,8,88,No,Medium,No
P3744,07-07-2031,S9,423,31,10,96,No,High,No
P3745,08-07-2031,S14,406,72,14,81,No,Medium,Yes
P3746,09-07-2031,S9,55,84,5,83,No,High,No
P3747,10-07-2031,S16,389,68,2,66,No,Low,No
P3748,11-07-2031,S17,341,98,3,93,No,Medium,No
P3749,12-07-2031,S16,433,112,6,71,No,Medium,No
P3750,13-07-2031,S12,101,34,11,82,No,Low,No
P3751,14-07-2031,S3,420,40,11,74,No,Medium,Yes
P3752,15-07-2031,S11,492,71,5,92,No,High,No
P3753,16-07-2031,S14,191,90,11,72,Yes,High,Yes
P3754,17-07-2031,S18,498,117,4,82,Yes,High,Yes
P3755,18-07-2031,S5,309,90,4,97,Yes,Medium,No
P3756,19-07-2031,S16,199,118,5,91,No,Medium,No
P3757,20-07-2031,S20,232,118,2,94,Yes,High,No
P3758,21-07-2031,S5,432,53,9,60,Yes,Medium,No
P3759,22-07-2031,S3,226,80,2,64,Yes,High,No
P3760,23-07-2031,S12,370,59,10,72,No,Low,No
P3761,24-07-2031,S1,138,89,2,64,Yes,High,No
P3762,25-07-2031,S9,343,60,10,91,No,Low,No
P3763,26-07-2031,S9,304,72,14,80,Yes,Low,No
P3764,27-07-2031,S4,148,99,9,83,No,Low,Yes
P3765,28-07-2031,S3,114,48,14,77,No,High,No
P3766,29-07-2031,S17,449,35,3,80,No,High,No
P3767,30-07-2031,S2,62,62,10,69,No,Medium,No
P3768,31-07-2031,S1,103,91,7,83,No,Medium,No
P3769,01-08-2031,S8,338,57,4,99,No,Low,Yes
P3770,02-08-2031,S13,358,88,13,80,No,High,No
P3771,03-08-2031,S15,155,83,13,84,No,Medium,No
P3772,04-08-2031,S8,272,27,6,82,Yes,Medium,No
P3773,05-08-2031,S12,5,32,14,81,No,Medium,No
P3774,06-08-2031,S12,146,20,4,63,Yes,High,No
P3775,07-08-2031,S14,183,41,10,93,No,Medium,Yes
P3776,08-08-2031,S15,485,25,7,65,No,Low,No
P3777,09-08-2031,S15,27,83,1,87,No,High,No
P3778,10-08-2031,S9,449,21,3,90,No,Medium,No
P3779,11-08-2031,S19,37,118,13,94,No,Medium,No
P3780,12-08-2031,S20,118,41,3,98,No,High,No
P3781,13-08-2031,S8,292,81,1,82,No,Medium,No
P3782,14-08-2031,S19,370,23,6,65,Yes,Medium,No
P3783,15-08-2031,S6,243,34,13,75,No,Low,No
P3784,16-08-2031,S20,67,49,11,61,No,High,Yes
P3785,17-08-2031,S19,213,22,14,83,No,Medium,Yes
P3786,18-08-2031,S4,217,82,9,76,No,High,No
P3787,19-08-2031,S7,176,66,8,60,Yes,High,No
P3788,20-08-2031,S4,298,40,11,65,Yes,Low,No
P3789,21-08-2031,S12,163,104,7,64,No,Low,Yes
P3790,22-08-2031,S13,57,88,10,88,No,High,No
P3791,23-08-2031,S3,268,56,8,71,No,Low,Yes
P3792,24-08-2031,S12,307,23,6,98,No,Low,No
P3793,25-08-2031,S2,57,113,9,62,No,Medium,Yes
P3794,26-08-2031,S2,287,48,3,60,Yes,Low,No
P3795,27-08-2031,S9,464,11,10,86,Yes,Low,Yes
P3796,28-08-2031,S1,104,48,10,83,Yes,Medium,Yes
P3797,29-08-2031,S8,227,72,9,78,No,Medium,No
P3798,30-08-2031,S6,246,38,4,67,Yes,High,Yes
P3799,31-08-2031,S6,187,70,7,61,No,Low,No
